{
"type": "FeatureCollection",
"name": "CH04_lifte_und_bahnen_area",
"crs": { "type": "name", "properties": { "name": "urn:ogc:def:crs:EPSG::2056" } },
"features": [
{ "type": "Feature", "properties": { "osm_id": 1127886850, "osm_typ": "way", "name": null, "art": "station", "kapazitaet": null, "belegung": null, "osm_typ_2": "way", "name_2": "Malbun", "landuse": "winter_sports", "matching_id": 30193, "osm_id_2": 909107 }, "geometry": { "type": "Polygon", "coordinates": [ [ [ 2764328.832025789655745, 1219413.792486409656703 ], [ 2764321.558945858851075, 1219414.559284333605319 ], [ 2764323.744221977423877, 1219435.250289362389594 ], [ 2764331.009689346887171, 1219434.483284587506205 ], [ 2764328.832025789655745, 1219413.792486409656703 ] ] ] } },
{ "type": "Feature", "properties": { "osm_id": 233807949, "osm_typ": "way", "name": "Bergstation Spielbodenbahn", "art": "station", "kapazitaet": null, "belegung": null, "osm_typ_2": "way", "name_2": "Saas Fee", "landuse": "winter_sports", "matching_id": 30247, "osm_id_2": 909082 }, "geometry": { "type": "Polygon", "coordinates": [ [ [ 2635652.469408439937979, 1104606.253386586438864 ], [ 2635653.818339277524501, 1104607.0394812237937 ], [ 2635659.067760549951345, 1104610.071835710201412 ], [ 2635657.755093835759908, 1104612.331965724937618 ], [ 2635668.369409737642854, 1104618.486298758303747 ], [ 2635669.689813374076039, 1104616.226216465700418 ], [ 2635678.24539083475247, 1104601.535529476124793 ], [ 2635648.722385480999947, 1104584.442400896456093 ], [ 2635636.000366267282516, 1104588.169723020400852 ], [ 2635641.665126787964255, 1104607.423961751628667 ], [ 2635642.203499244060367, 1104609.261398038594052 ], [ 2635652.469408439937979, 1104606.253386586438864 ] ] ] } },
{ "type": "Feature", "properties": { "osm_id": 438186996, "osm_typ": "way", "name": "Talstation Längfluh", "art": "station", "kapazitaet": null, "belegung": null, "osm_typ_2": "way", "name_2": "Saas Fee", "landuse": "winter_sports", "matching_id": 30247, "osm_id_2": 909082 }, "geometry": { "type": "Polygon", "coordinates": [ [ [ 2635636.000366267282516, 1104588.169723020400852 ], [ 2635618.944923382252455, 1104593.572540025692433 ], [ 2635624.958752322010696, 1104612.662056791130453 ], [ 2635635.396365822292864, 1104609.388219318119809 ], [ 2635641.665126787964255, 1104607.423961751628667 ], [ 2635636.000366267282516, 1104588.169723020400852 ] ] ] } },
{ "type": "Feature", "properties": { "osm_id": 948283418, "osm_typ": "way", "name": null, "art": "station", "kapazitaet": null, "belegung": null, "osm_typ_2": "way", "name_2": "Bosco Gurin – Grossalp", "landuse": "winter_sports", "matching_id": null, "osm_id_2": null }, "geometry": { "type": "Polygon", "coordinates": [ [ [ 2677715.207941686734557, 1129582.024170633871108 ], [ 2677716.422075073700398, 1129576.269836857216433 ], [ 2677717.248806093819439, 1129576.08035323722288 ], [ 2677733.416072107851505, 1129579.890300767263398 ], [ 2677733.766220107674599, 1129580.8175504503306 ], [ 2677732.820528474636376, 1129586.063931577140465 ], [ 2677732.04242588346824, 1129586.665383271174505 ], [ 2677716.176142829470336, 1129582.814839486731216 ], [ 2677715.207941686734557, 1129582.024170633871108 ] ] ] } },
{ "type": "Feature", "properties": { "osm_id": 138957401, "osm_typ": "way", "name": null, "art": "station", "kapazitaet": null, "belegung": null, "osm_typ_2": "way", "name_2": "Ischgl-Samnaun", "landuse": "winter_sports", "matching_id": 30131, "osm_id_2": 909205 }, "geometry": { "type": "Polygon", "coordinates": [ [ [ 2823448.552548090461642, 1204200.768316242843866 ], [ 2823456.176488327793777, 1204201.420916893519461 ], [ 2823461.223833305295557, 1204202.933780092513189 ], [ 2823465.803925391286612, 1204204.718396669719368 ], [ 2823472.05808087810874, 1204207.36669818405062 ], [ 2823478.954266375396401, 1204211.585406632861122 ], [ 2823470.785104966722429, 1204232.205351204611361 ], [ 2823468.905770355835557, 1204231.534230486955494 ], [ 2823467.400019738357514, 1204235.126798928249627 ], [ 2823464.418949493672699, 1204233.769179767929018 ], [ 2823463.668511831667274, 1204234.68669139011763 ], [ 2823445.070975381880999, 1204228.238737704930827 ], [ 2823444.022959222085774, 1204226.931261233519763 ], [ 2823442.215828839689493, 1204226.162728929892182 ], [ 2823443.095159078482538, 1204222.413200723007321 ], [ 2823441.336582250893116, 1204221.568612729897723 ], [ 2823448.552548090461642, 1204200.768316242843866 ] ] ] } },
{ "type": "Feature", "properties": { "osm_id": 60356687, "osm_typ": "way", "name": "Plateau Rosa", "art": "station", "kapazitaet": null, "belegung": null, "osm_typ_2": "way", "name_2": "Zermatt - Breuil-Cervinia", "landuse": "winter_sports", "matching_id": 30341, "osm_id_2": 909071 }, "geometry": { "type": "Polygon", "coordinates": [ [ [ 2620850.827791401650757, 1087013.235697411233559 ], [ 2620852.343948011752218, 1087007.649076718837023 ], [ 2620875.86988755967468, 1087014.58865502034314 ], [ 2620874.737859271001071, 1087018.987075469223782 ], [ 2620871.827376509550959, 1087030.816620021127164 ], [ 2620870.578167196828872, 1087035.459212138783187 ], [ 2620846.500361763406545, 1087028.87350953114219 ], [ 2620848.055066188797355, 1087023.353721021441743 ], [ 2620854.340431923512369, 1087024.931567505700514 ], [ 2620857.018794283270836, 1087015.191198873566464 ], [ 2620850.827791401650757, 1087013.235697411233559 ] ] ] } },
{ "type": "Feature", "properties": { "osm_id": 217957562, "osm_typ": "way", "name": "Rothorn VS", "art": "station", "kapazitaet": null, "belegung": null, "osm_typ_2": "way", "name_2": "Zermatt - Breuil-Cervinia", "landuse": "winter_sports", "matching_id": 30341, "osm_id_2": 909071 }, "geometry": { "type": "Polygon", "coordinates": [ [ [ 2627763.565720375627279, 1096726.914815687807277 ], [ 2627785.17670741584152, 1096737.941281278850511 ], [ 2627793.428252048790455, 1096721.870658734114841 ], [ 2627771.809478051960468, 1096710.844128256430849 ], [ 2627768.079113717190921, 1096718.786763654556125 ], [ 2627763.565720375627279, 1096726.914815687807277 ] ] ] } },
{ "type": "Feature", "properties": { "osm_id": 217957569, "osm_typ": "way", "name": "Gant", "art": "station", "kapazitaet": null, "belegung": null, "osm_typ_2": "way", "name_2": "Zermatt - Breuil-Cervinia", "landuse": "winter_sports", "matching_id": 30341, "osm_id_2": 909071 }, "geometry": { "type": "Polygon", "coordinates": [ [ [ 2627021.872188050299883, 1095319.798226530430838 ], [ 2627012.535531037952751, 1095339.544780352618545 ], [ 2627027.238250510767102, 1095346.4468899006024 ], [ 2627036.574895650614053, 1095326.71147544728592 ], [ 2627029.145591371227056, 1095323.365668923128396 ], [ 2627021.872188050299883, 1095319.798226530430838 ] ] ] } },
{ "type": "Feature", "properties": { "osm_id": 217957573, "osm_typ": "way", "name": "Gant", "art": "station", "kapazitaet": null, "belegung": null, "osm_typ_2": "way", "name_2": "Zermatt - Breuil-Cervinia", "landuse": "winter_sports", "matching_id": 30341, "osm_id_2": 909071 }, "geometry": { "type": "Polygon", "coordinates": [ [ [ 2627076.489145299419761, 1095290.636816896963865 ], [ 2627082.083088407758623, 1095292.129120664205402 ], [ 2627089.296320678666234, 1095293.550816192524508 ], [ 2627095.422633655834943, 1095269.410052541876212 ], [ 2627078.375740927178413, 1095265.298797064460814 ], [ 2627073.365130780264735, 1095284.175153603311628 ], [ 2627077.905998149421066, 1095285.573836119612679 ], [ 2627076.489145299419761, 1095290.636816896963865 ] ] ] } },
{ "type": "Feature", "properties": { "osm_id": 295875963, "osm_typ": "way", "name": "Trockener Steg", "art": "station", "kapazitaet": null, "belegung": null, "osm_typ_2": "way", "name_2": "Zermatt - Breuil-Cervinia", "landuse": "winter_sports", "matching_id": 30341, "osm_id_2": 909071 }, "geometry": { "type": "Polygon", "coordinates": [ [ [ 2621928.567777087446302, 1091151.12738729827106 ], [ 2621931.275860733818263, 1091152.504502436844632 ], [ 2621924.744766240939498, 1091166.632769205141813 ], [ 2621932.614678520709276, 1091170.351874391082674 ], [ 2621939.422838513739407, 1091156.78045604750514 ], [ 2621941.133023593109101, 1091157.587024684296921 ], [ 2621933.777622251305729, 1091172.446027542697266 ], [ 2621957.242342293262482, 1091198.021449781954288 ], [ 2621968.793916800525039, 1091195.350554161705077 ], [ 2621977.695417377632111, 1091188.123331459704787 ], [ 2621980.083588914014399, 1091196.525168620049953 ], [ 2621994.126698942389339, 1091192.940605857875198 ], [ 2621993.511550670024008, 1091189.414342846954241 ], [ 2621995.645107519812882, 1091188.888431454310194 ], [ 2621988.106691474094987, 1091153.454046502709389 ], [ 2622016.908016816712916, 1091130.779555386397988 ], [ 2622011.27333178371191, 1091124.144677450880408 ], [ 2622014.166914844419807, 1091121.375911360606551 ], [ 2622009.285963518545032, 1091116.37793523655273 ], [ 2622006.377278667408973, 1091119.0354805723764 ], [ 2621996.547874359879643, 1091108.405640334123746 ], [ 2622003.851481842808425, 1091101.517311971168965 ], [ 2622001.242307384032756, 1091098.506343243643641 ], [ 2621998.474147440865636, 1091100.886478132335469 ], [ 2621996.883555726148188, 1091099.157625636085868 ], [ 2622002.674138956703246, 1091069.051836223341525 ], [ 2622000.822242797818035, 1091068.845049189170823 ], [ 2622001.054820672608912, 1091066.689217984676361 ], [ 2621985.070160527713597, 1091064.752802373142913 ], [ 2621983.302360520232469, 1091075.618714918149635 ], [ 2621964.492012813687325, 1091072.671647334471345 ], [ 2621963.329307652078569, 1091079.115236066281796 ], [ 2621962.267748777754605, 1091079.000243066577241 ], [ 2621961.831002288497984, 1091081.889052788494155 ], [ 2621968.183927542995661, 1091082.834641668014228 ], [ 2621966.264237598981708, 1091094.989567015785724 ], [ 2621977.149495563469827, 1091096.585158911999315 ], [ 2621975.714374233037233, 1091105.48458867543377 ], [ 2621977.59884568490088, 1091107.403481644811109 ], [ 2621948.605105375405401, 1091134.012834296096116 ], [ 2621942.673021308612078, 1091130.300683020381257 ], [ 2621939.254556019324809, 1091128.153943069744855 ], [ 2621927.113287315703928, 1091126.642836059676483 ], [ 2621926.270560670644045, 1091132.49838879541494 ], [ 2621923.697995425667614, 1091132.233448973624036 ], [ 2621925.385719433426857, 1091122.045360498828813 ], [ 2621913.113579137250781, 1091120.278123110998422 ], [ 2621911.666290459223092, 1091130.433728550560772 ], [ 2621898.346797022502869, 1091128.918444297509268 ], [ 2621889.851933260448277, 1091180.492385185090825 ], [ 2621912.476667558774352, 1091183.175010334933177 ], [ 2621928.567777087446302, 1091151.12738729827106 ] ] ] } },
{ "type": "Feature", "properties": { "osm_id": 295875964, "osm_typ": "way", "name": "Trockener Steg", "art": "station", "kapazitaet": null, "belegung": null, "osm_typ_2": "way", "name_2": "Zermatt - Breuil-Cervinia", "landuse": "winter_sports", "matching_id": 30341, "osm_id_2": 909071 }, "geometry": { "type": "Polygon", "coordinates": [ [ [ 2621930.183980319648981, 1091022.911362714599818 ], [ 2621920.517875614576042, 1091007.746554437326267 ], [ 2621924.829899243544787, 1091005.016196349868551 ], [ 2621922.825750556308776, 1091001.874034868553281 ], [ 2621928.450803843792528, 1090998.314636716153473 ], [ 2621917.127362317405641, 1090980.553644313942641 ], [ 2621923.995575656648725, 1090976.198297409107909 ], [ 2621925.743697145022452, 1090975.092898334842175 ], [ 2621937.714621158782393, 1090993.867871040711179 ], [ 2621951.093641012907028, 1090985.389398741070181 ], [ 2621952.820282637607306, 1090988.097012829035521 ], [ 2621955.174435581546277, 1090986.604714476037771 ], [ 2621964.470492620952427, 1091001.190168507862836 ], [ 2621930.183980319648981, 1091022.911362714599818 ] ] ] } },
{ "type": "Feature", "properties": { "osm_id": 295875979, "osm_typ": "way", "name": "Riffelberg", "art": "station", "kapazitaet": null, "belegung": null, "osm_typ_2": "way", "name_2": "Zermatt - Breuil-Cervinia", "landuse": "winter_sports", "matching_id": 30341, "osm_id_2": 909071 }, "geometry": { "type": "Polygon", "coordinates": [ [ [ 2624497.540115663781762, 1093672.209756281459704 ], [ 2624498.346422325819731, 1093672.090713571757078 ], [ 2624511.167719008866698, 1093664.938573573715985 ], [ 2624511.883597848005593, 1093664.185508628375828 ], [ 2624512.119712770916522, 1093663.274877419229597 ], [ 2624511.828947943635285, 1093662.362126129912212 ], [ 2624509.505620146170259, 1093658.21731156273745 ], [ 2624509.011745594441891, 1093657.715066483011469 ], [ 2624508.113933858927339, 1093657.466883751098067 ], [ 2624507.074238724540919, 1093657.818439990980551 ], [ 2624494.330593023449183, 1093664.92643357696943 ], [ 2624493.887021912727505, 1093665.402674354147166 ], [ 2624493.69085779460147, 1093666.013312082737684 ], [ 2624493.850352293346077, 1093666.814366222824901 ], [ 2624496.496832855511457, 1093671.527433314127848 ], [ 2624496.921107435133308, 1093671.996046941028908 ], [ 2624497.540115663781762, 1093672.209756281459704 ] ] ] } },
{ "type": "Feature", "properties": { "osm_id": 295875980, "osm_typ": "way", "name": "Gifthittli", "art": "station", "kapazitaet": null, "belegung": null, "osm_typ_2": "way", "name_2": "Zermatt - Breuil-Cervinia", "landuse": "winter_sports", "matching_id": 30341, "osm_id_2": 909071 }, "geometry": { "type": "Polygon", "coordinates": [ [ [ 2626068.932334537152201, 1092795.230850406689569 ], [ 2626066.887850485276431, 1092791.286730378400534 ], [ 2626065.427557460498065, 1092788.456797437742352 ], [ 2626082.102437552530318, 1092779.879249225370586 ], [ 2626085.60720110591501, 1092786.653311876347288 ], [ 2626068.932334537152201, 1092795.230850406689569 ] ] ] } },
{ "type": "Feature", "properties": { "osm_id": 296185310, "osm_typ": "way", "name": "Schwarzsee paradise", "art": "station", "kapazitaet": null, "belegung": null, "osm_typ_2": "way", "name_2": "Zermatt - Breuil-Cervinia", "landuse": "winter_sports", "matching_id": 30341, "osm_id_2": 909071 }, "geometry": { "type": "Polygon", "coordinates": [ [ [ 2620965.126677952241153, 1093450.60215847985819 ], [ 2620967.699784534983337, 1093445.930827163858339 ], [ 2620948.514132954645902, 1093434.692447248846292 ], [ 2620947.135017683263868, 1093432.39764165203087 ], [ 2620944.513348005712032, 1093430.910094494698569 ], [ 2620943.977788848802447, 1093428.918342683231458 ], [ 2620950.615019303746521, 1093402.83885105792433 ], [ 2620944.754895525518805, 1093401.206771032651886 ], [ 2620937.600557084195316, 1093428.952016179915518 ], [ 2620939.76593544986099, 1093434.695736174704507 ], [ 2620941.666992144659162, 1093436.180805278476328 ], [ 2620946.24929615855217, 1093439.853986364556476 ], [ 2620965.126677952241153, 1093450.60215847985819 ] ] ] } },
{ "type": "Feature", "properties": { "osm_id": 296185315, "osm_typ": "way", "name": "Furgg", "art": "station", "kapazitaet": null, "belegung": null, "osm_typ_2": "way", "name_2": "Zermatt - Breuil-Cervinia", "landuse": "winter_sports", "matching_id": 30341, "osm_id_2": 909071 }, "geometry": { "type": "Polygon", "coordinates": [ [ [ 2621292.703667640686035, 1092985.575818391749635 ], [ 2621280.730580465402454, 1092972.427259020507336 ], [ 2621304.021976071409881, 1092948.818656919058412 ], [ 2621322.734115452039987, 1092953.897781102452427 ], [ 2621326.963398816064, 1092945.552720704581589 ], [ 2621353.564580590464175, 1092954.961763222236186 ], [ 2621360.754176906775683, 1092957.654995479155332 ], [ 2621351.993054422549903, 1092983.270827927626669 ], [ 2621324.904383913148195, 1092973.69333406467922 ], [ 2621314.798323636874557, 1092985.086086610099301 ], [ 2621304.217170524876565, 1092972.787227813154459 ], [ 2621292.703667640686035, 1092985.575818391749635 ] ] ] } },
{ "type": "Feature", "properties": { "osm_id": 296189774, "osm_typ": "way", "name": "Sandiger Boden", "art": "station", "kapazitaet": null, "belegung": null, "osm_typ_2": "way", "name_2": "Zermatt - Breuil-Cervinia", "landuse": "winter_sports", "matching_id": 30341, "osm_id_2": 909071 }, "geometry": { "type": "Polygon", "coordinates": [ [ [ 2621785.177921751048416, 1091826.217747097136453 ], [ 2621791.501308033708483, 1091807.03043563826941 ], [ 2621789.071892983745784, 1091786.311062803026289 ], [ 2621797.579020461067557, 1091785.029689041199163 ], [ 2621806.113419962115586, 1091782.625623023835942 ], [ 2621810.01987145235762, 1091808.597439918434247 ], [ 2621802.420318704564124, 1091833.516461280640215 ], [ 2621793.141260882839561, 1091829.603500147117302 ], [ 2621785.177921751048416, 1091826.217747097136453 ] ] ] } },
{ "type": "Feature", "properties": { "osm_id": 296190998, "osm_typ": "way", "name": "Furgg", "art": "station", "kapazitaet": null, "belegung": null, "osm_typ_2": "way", "name_2": "Zermatt - Breuil-Cervinia", "landuse": "winter_sports", "matching_id": 30341, "osm_id_2": 909071 }, "geometry": { "type": "Polygon", "coordinates": [ [ [ 2621062.906737972516567, 1092943.678462182637304 ], [ 2621070.485349995549768, 1092914.578559938119724 ], [ 2621080.748926202300936, 1092893.392018122365698 ], [ 2621085.738939510192722, 1092895.788279939675704 ], [ 2621091.15677089523524, 1092897.719119298271835 ], [ 2621084.620769794099033, 1092912.126153130782768 ], [ 2621080.431273343972862, 1092920.260299302637577 ], [ 2621073.091359461192042, 1092947.548971025738865 ], [ 2621067.355928745120764, 1092945.594816352240741 ], [ 2621062.906737972516567, 1092943.678462182637304 ] ] ] } },
{ "type": "Feature", "properties": { "osm_id": 332912537, "osm_typ": "way", "name": "Hohtälli", "art": "station", "kapazitaet": null, "belegung": null, "osm_typ_2": "way", "name_2": "Zermatt - Breuil-Cervinia", "landuse": "winter_sports", "matching_id": 30341, "osm_id_2": 909071 }, "geometry": { "type": "Polygon", "coordinates": [ [ [ 2628166.220491469372064, 1093129.403652546461672 ], [ 2628177.335954722482711, 1093106.921156401513144 ], [ 2628175.047154187224805, 1093105.854463242925704 ], [ 2628176.471605899278075, 1093102.803911554859951 ], [ 2628171.948037551250309, 1093100.715244230814278 ], [ 2628170.570492686703801, 1093103.677078916924074 ], [ 2628162.312098060268909, 1093099.859144018730149 ], [ 2628151.6521169943735, 1093122.72174705658108 ], [ 2628159.894989212043583, 1093126.539595707785338 ], [ 2628166.220491469372064, 1093129.403652546461672 ] ] ] } },
{ "type": "Feature", "properties": { "osm_id": 332912538, "osm_typ": "way", "name": "Hohtälli", "art": "station", "kapazitaet": null, "belegung": null, "osm_typ_2": "way", "name_2": "Zermatt - Breuil-Cervinia", "landuse": "winter_sports", "matching_id": 30341, "osm_id_2": 909071 }, "geometry": { "type": "Polygon", "coordinates": [ [ [ 2628187.275117923505604, 1093090.814324506092817 ], [ 2628190.502854035235941, 1093089.928797581000254 ], [ 2628202.443745613098145, 1093086.693487277952954 ], [ 2628204.026594155933708, 1093086.256142406025901 ], [ 2628200.917677641380578, 1093074.869176084641367 ], [ 2628184.166172459721565, 1093079.42736680759117 ], [ 2628185.347301244735718, 1093083.746182808885351 ], [ 2628187.275117923505604, 1093090.814324506092817 ] ] ] } },
{ "type": "Feature", "properties": { "osm_id": 332912540, "osm_typ": "way", "name": "Stockhorn", "art": "station", "kapazitaet": null, "belegung": null, "osm_typ_2": "way", "name_2": "Zermatt - Breuil-Cervinia", "landuse": "winter_sports", "matching_id": 30341, "osm_id_2": 909071 }, "geometry": { "type": "Polygon", "coordinates": [ [ [ 2629777.746213663369417, 1092869.064700422342867 ], [ 2629793.03971447981894, 1092868.272389036137611 ], [ 2629792.493658530525863, 1092857.919886340619996 ], [ 2629777.200077382847667, 1092858.723315736046061 ], [ 2629777.431098464410752, 1092865.361232849536464 ], [ 2629777.746213663369417, 1092869.064700422342867 ] ] ] } },
{ "type": "Feature", "properties": { "osm_id": 660153034, "osm_typ": "way", "name": null, "art": "yes", "kapazitaet": null, "belegung": null, "osm_typ_2": "way", "name_2": "Zermatt - Breuil-Cervinia", "landuse": "winter_sports", "matching_id": 30341, "osm_id_2": 909071 }, "geometry": { "type": "Polygon", "coordinates": [ [ [ 2629779.540492735803127, 1092880.890736142639071 ], [ 2629802.19413122581318, 1092878.878237397177145 ], [ 2629801.672614707611501, 1092869.848764748079702 ], [ 2629778.882935722358525, 1092871.149118945933878 ], [ 2629779.540492735803127, 1092880.890736142639071 ] ] ] } },
{ "type": "Feature", "properties": { "osm_id": 964591256, "osm_typ": "way", "name": "Riffelberg-Express", "art": "station", "kapazitaet": null, "belegung": null, "osm_typ_2": "way", "name_2": "Zermatt - Breuil-Cervinia", "landuse": "winter_sports", "matching_id": 30341, "osm_id_2": 909071 }, "geometry": { "type": "Polygon", "coordinates": [ [ [ 2624456.892163864336908, 1093546.79293169057928 ], [ 2624462.219160248991102, 1093557.430908221518621 ], [ 2624478.414905992802233, 1093549.36955048260279 ], [ 2624473.087930734269321, 1093538.731559657957405 ], [ 2624456.892163864336908, 1093546.79293169057928 ] ] ] } },
{ "type": "Feature", "properties": { "osm_id": 214359863, "osm_typ": "way", "name": "Les Violettes", "art": "yes", "kapazitaet": null, "belegung": null, "osm_typ_2": "way", "name_2": "Crans-Montana", "landuse": "winter_sports", "matching_id": 30063, "osm_id_2": 909005 }, "geometry": { "type": "Polygon", "coordinates": [ [ [ 2604620.609005447011441, 1132410.210961166303605 ], [ 2604633.031133390497416, 1132364.242416172055528 ], [ 2604632.901924409903586, 1132362.030131368897855 ], [ 2604632.57204905571416, 1132360.473569521214813 ], [ 2604631.833696521818638, 1132359.494758017128333 ], [ 2604633.687761119566858, 1132351.114304221700877 ], [ 2604636.250951128546149, 1132351.827699274756014 ], [ 2604639.292470787651837, 1132341.046977342106402 ], [ 2604624.936612864490598, 1132337.612242884468287 ], [ 2604625.300205609761178, 1132335.300281355390325 ], [ 2604585.496077132411301, 1132326.043672705302015 ], [ 2604582.175665604416281, 1132298.049797245999798 ], [ 2604571.496317602694035, 1132299.2535266620107 ], [ 2604574.766387931071222, 1132332.872316925087944 ], [ 2604569.238266715314239, 1132333.279506306862459 ], [ 2604569.995114661287516, 1132340.45022463821806 ], [ 2604563.55071625020355, 1132341.012367669027299 ], [ 2604564.606262591201812, 1132350.284329572692513 ], [ 2604571.859100414440036, 1132349.633858231129125 ], [ 2604573.810533268377185, 1132365.431886017555371 ], [ 2604546.356068267952651, 1132365.833897625561804 ], [ 2604546.72325733024627, 1132379.396322129294276 ], [ 2604602.910518830176443, 1132378.004211302148178 ], [ 2604602.799575946293771, 1132371.956742047565058 ], [ 2604614.192185126710683, 1132374.221958597190678 ], [ 2604606.838494728319347, 1132406.665545663330704 ], [ 2604620.609005447011441, 1132410.210961166303605 ] ] ] } },
{ "type": "Feature", "properties": { "osm_id": 243101631, "osm_typ": "way", "name": "Bellalui", "art": "station", "kapazitaet": null, "belegung": null, "osm_typ_2": "way", "name_2": "Crans-Montana", "landuse": "winter_sports", "matching_id": 30063, "osm_id_2": 909005 }, "geometry": { "type": "Polygon", "coordinates": [ [ [ 2603604.401723926421255, 1132691.045301156817004 ], [ 2603610.162836269009858, 1132686.49090414494276 ], [ 2603597.346599821932614, 1132670.408920437796041 ], [ 2603591.585481820162386, 1132674.963329688413069 ], [ 2603604.401723926421255, 1132691.045301156817004 ] ] ] } },
{ "type": "Feature", "properties": { "osm_id": 243102579, "osm_typ": "way", "name": "Les Marolies", "art": "station", "kapazitaet": null, "belegung": null, "osm_typ_2": "way", "name_2": "Crans-Montana", "landuse": "winter_sports", "matching_id": 30063, "osm_id_2": 909005 }, "geometry": { "type": "Polygon", "coordinates": [ [ [ 2604418.577180673833936, 1130463.48176115215756 ], [ 2604431.231810592114925, 1130450.873634679242969 ], [ 2604425.606195566244423, 1130445.266848956700414 ], [ 2604412.951573661994189, 1130457.863870717585087 ], [ 2604418.577180673833936, 1130463.48176115215756 ] ] ] } },
{ "type": "Feature", "properties": { "osm_id": 243102585, "osm_typ": "way", "name": "Marolires", "art": "yes", "kapazitaet": null, "belegung": null, "osm_typ_2": "way", "name_2": "Crans-Montana", "landuse": "winter_sports", "matching_id": 30063, "osm_id_2": 909005 }, "geometry": { "type": "Polygon", "coordinates": [ [ [ 2604361.254066933412105, 1130510.185730208875611 ], [ 2604371.574793478939682, 1130508.681224945001304 ], [ 2604372.821364371106029, 1130488.505628556478769 ], [ 2604379.328650563023984, 1130467.311063558794558 ], [ 2604369.204094500746578, 1130463.602047226624563 ], [ 2604356.180545338895172, 1130486.237143062520772 ], [ 2604361.254066933412105, 1130510.185730208875611 ] ] ] } },
{ "type": "Feature", "properties": { "osm_id": 243103490, "osm_typ": "way", "name": "Les Violettes - Les Barzettes", "art": "station", "kapazitaet": null, "belegung": null, "osm_typ_2": "way", "name_2": "Crans-Montana", "landuse": "winter_sports", "matching_id": 30063, "osm_id_2": 909005 }, "geometry": { "type": "Polygon", "coordinates": [ [ [ 2604593.934194792062044, 1129930.740123857511207 ], [ 2604604.182246208190918, 1129935.105484226951376 ], [ 2604609.143305731005967, 1129923.536911416100338 ], [ 2604635.984381266869605, 1129934.17341926926747 ], [ 2604688.055318791884929, 1129906.677380902227014 ], [ 2604685.48744582105428, 1129900.661380033474416 ], [ 2604645.594908276572824, 1129915.860664169769734 ], [ 2604625.721196614671499, 1129909.05344785307534 ], [ 2604620.66261991020292, 1129896.654713241150603 ], [ 2604622.568368662614375, 1129892.209540660958737 ], [ 2604612.320257666520774, 1129887.844149062177166 ], [ 2604593.934194792062044, 1129930.740123857511207 ] ] ] } },
{ "type": "Feature", "properties": { "osm_id": 245156463, "osm_typ": "way", "name": "Crans Le Signal", "art": "station", "kapazitaet": null, "belegung": null, "osm_typ_2": "way", "name_2": "Crans-Montana", "landuse": "winter_sports", "matching_id": 30063, "osm_id_2": 909005 }, "geometry": { "type": "Polygon", "coordinates": [ [ [ 2603110.691180542577058, 1129037.043661829316989 ], [ 2603132.933779019862413, 1129044.914276578696445 ], [ 2603138.514422481413931, 1129052.998819087166339 ], [ 2603144.626942486036569, 1129060.338830440770835 ], [ 2603144.7176767392084, 1129063.684949527494609 ], [ 2603142.45297230174765, 1129063.683797517325729 ], [ 2603142.703996747266501, 1129069.931410138262436 ], [ 2603141.475310620386153, 1129092.753003610763699 ], [ 2603123.011288437526673, 1129092.421266817953438 ], [ 2603123.322988367173821, 1129085.340200287755579 ], [ 2603104.722269719000906, 1129081.06208530953154 ], [ 2603110.691180542577058, 1129037.043661829316989 ] ] ] } },
{ "type": "Feature", "properties": { "osm_id": 461908364, "osm_typ": "way", "name": "Cry d'Er", "art": "station", "kapazitaet": null, "belegung": null, "osm_typ_2": "way", "name_2": "Crans-Montana", "landuse": "winter_sports", "matching_id": 30063, "osm_id_2": 909005 }, "geometry": { "type": "Polygon", "coordinates": [ [ [ 2603025.18197022844106, 1131502.656320490408689 ], [ 2603012.505623171105981, 1131507.174554307479411 ], [ 2603014.412156756035984, 1131513.445199272129685 ], [ 2603003.530559478327632, 1131516.663694546557963 ], [ 2602991.344944774638861, 1131477.783326887292787 ], [ 2603003.944040652830154, 1131473.876419539330527 ], [ 2603002.598391581792384, 1131470.062800535233691 ], [ 2603010.554003220051527, 1131466.976276533911005 ], [ 2603014.059735530987382, 1131478.205666993511841 ], [ 2603017.039932491257787, 1131477.595711877336726 ], [ 2603018.915909585542977, 1131483.377216603141278 ], [ 2603025.18197022844106, 1131502.656320490408689 ] ] ] } },
{ "type": "Feature", "properties": { "osm_id": 494365668, "osm_typ": "way", "name": "Crans Cry d'Er", "art": "station", "kapazitaet": null, "belegung": null, "osm_typ_2": "way", "name_2": "Crans-Montana", "landuse": "winter_sports", "matching_id": 30063, "osm_id_2": 909005 }, "geometry": { "type": "Polygon", "coordinates": [ [ [ 2602207.386736578773707, 1128598.68794954707846 ], [ 2602222.256124943029135, 1128595.024774040561169 ], [ 2602217.164005323313177, 1128573.312396392226219 ], [ 2602214.167016864288598, 1128574.011673318222165 ], [ 2602211.844080036971718, 1128563.905931612476707 ], [ 2602204.193742669653147, 1128565.459538450697437 ], [ 2602200.387822985183448, 1128566.269701843848452 ], [ 2602198.746811210177839, 1128566.613735829014331 ], [ 2602199.715849238447845, 1128571.238550156122074 ], [ 2602198.783630521502346, 1128571.438319144072011 ], [ 2602201.429459219332784, 1128583.478444405831397 ], [ 2602203.409444590099156, 1128583.090064703254029 ], [ 2602207.386736578773707, 1128598.68794954707846 ] ] ] } },
{ "type": "Feature", "properties": { "osm_id": 661866981, "osm_typ": "way", "name": "Merbé", "art": "station", "kapazitaet": null, "belegung": null, "osm_typ_2": "way", "name_2": "Crans-Montana", "landuse": "winter_sports", "matching_id": 30063, "osm_id_2": 909005 }, "geometry": { "type": "Polygon", "coordinates": [ [ [ 2602605.003928768914193, 1130287.985778357367963 ], [ 2602596.8704504664056, 1130289.605382933048531 ], [ 2602610.082917090971023, 1130334.165930524002761 ], [ 2602617.747075030114502, 1130331.301095756003633 ], [ 2602605.003928768914193, 1130287.985778357367963 ] ] ] } },
{ "type": "Feature", "properties": { "osm_id": 661866982, "osm_typ": "way", "name": null, "art": "station", "kapazitaet": null, "belegung": null, "osm_typ_2": "way", "name_2": "Crans-Montana", "landuse": "winter_sports", "matching_id": 30063, "osm_id_2": 909005 }, "geometry": { "type": "Polygon", "coordinates": [ [ [ 2602707.11832777922973, 1131558.102784366114065 ], [ 2602699.269472488667816, 1131546.527068422874436 ], [ 2602702.027178350836039, 1131543.915887888753787 ], [ 2602699.272225768771023, 1131540.201771337538958 ], [ 2602695.95988395344466, 1131543.368537847651169 ], [ 2602693.897562681697309, 1131540.477347175125033 ], [ 2602688.243679315317422, 1131545.421743978513405 ], [ 2602685.478337959386408, 1131547.899529293179512 ], [ 2602674.180859537329525, 1131534.010118152946234 ], [ 2602669.212810030672699, 1131537.720895092468709 ], [ 2602698.571859334595501, 1131574.840534035814926 ], [ 2602703.401235561817884, 1131571.274235541699454 ], [ 2602698.715062636416405, 1131564.257672016276047 ], [ 2602707.11832777922973, 1131558.102784366114065 ] ] ] } },
{ "type": "Feature", "properties": { "osm_id": 661866983, "osm_typ": "way", "name": "Marolires", "art": "station", "kapazitaet": null, "belegung": null, "osm_typ_2": "way", "name_2": "Crans-Montana", "landuse": "winter_sports", "matching_id": 30063, "osm_id_2": 909005 }, "geometry": { "type": "Polygon", "coordinates": [ [ [ 2603098.234346909448504, 1131696.742433323292062 ], [ 2603089.267507541924715, 1131705.475526780588552 ], [ 2603097.078714957926422, 1131713.449979577213526 ], [ 2603090.600229152478278, 1131719.527471048291773 ], [ 2603083.358610197436064, 1131711.931272387504578 ], [ 2603084.883744224905968, 1131710.74256614362821 ], [ 2603079.804806328378618, 1131704.992793559795246 ], [ 2603093.470692424569279, 1131691.804313085740432 ], [ 2603098.234346909448504, 1131696.742433323292062 ] ] ] } },
{ "type": "Feature", "properties": { "osm_id": 661866984, "osm_typ": "way", "name": "Intermédiaire", "art": "station", "kapazitaet": null, "belegung": null, "osm_typ_2": "way", "name_2": "Crans-Montana", "landuse": "winter_sports", "matching_id": 30063, "osm_id_2": 909005 }, "geometry": { "type": "Polygon", "coordinates": [ [ [ 2603813.04228438436985, 1131031.130294625181705 ], [ 2603809.686454809270799, 1131028.515833905432373 ], [ 2603844.626679692417383, 1130999.512338246917352 ], [ 2603846.896766867954284, 1131002.059440231183544 ], [ 2603832.28076494904235, 1131014.823198238387704 ], [ 2603831.663090913090855, 1131017.435195454396307 ], [ 2603831.037633760366589, 1131020.180586114292964 ], [ 2603829.111547619570047, 1131021.691233596531674 ], [ 2603826.593354643788189, 1131021.856414594687521 ], [ 2603823.806063017807901, 1131021.343321743421257 ], [ 2603813.04228438436985, 1131031.130294625181705 ] ] ] } },
{ "type": "Feature", "properties": { "osm_id": 155287178, "osm_typ": "way", "name": "Schreckfeld", "art": "station", "kapazitaet": null, "belegung": null, "osm_typ_2": "way", "name_2": "First – Grindelwald", "landuse": "winter_sports", "matching_id": null, "osm_id_2": null }, "geometry": { "type": "Polygon", "coordinates": [ [ [ 2647932.880239760037512, 1167644.25106772989966 ], [ 2647942.600118659902364, 1167656.868575820699334 ], [ 2647935.977528838440776, 1167658.027501887409016 ], [ 2647939.469689117278904, 1167677.954789432696998 ], [ 2647969.118058722931892, 1167672.755149556789547 ], [ 2647973.303655848372728, 1167662.371928953565657 ], [ 2647950.87612193915993, 1167629.798002204857767 ], [ 2647932.880239760037512, 1167644.25106772989966 ] ] ] } },
{ "type": "Feature", "properties": { "osm_id": 264460447, "osm_typ": "way", "name": null, "art": "station", "kapazitaet": null, "belegung": null, "osm_typ_2": "way", "name_2": "First – Grindelwald", "landuse": "winter_sports", "matching_id": null, "osm_id_2": null }, "geometry": { "type": "Polygon", "coordinates": [ [ [ 2647328.837452998850495, 1163092.966442030854523 ], [ 2647331.845894508063793, 1163090.299813478020951 ], [ 2647323.973573619965464, 1163081.244249986251816 ], [ 2647312.713132295757532, 1163090.983047950780019 ], [ 2647320.569263128563762, 1163100.149638881441206 ], [ 2647322.960201194509864, 1163098.078463152516633 ], [ 2647327.081960157956928, 1163102.868951929034665 ], [ 2647333.043817109894007, 1163097.713132840581238 ], [ 2647328.837452998850495, 1163092.966442030854523 ] ] ] } },
{ "type": "Feature", "properties": { "osm_id": 1338563085, "osm_typ": "way", "name": "First", "art": "station", "kapazitaet": null, "belegung": null, "osm_typ_2": "way", "name_2": "First – Grindelwald", "landuse": "winter_sports", "matching_id": null, "osm_id_2": null }, "geometry": { "type": "Polygon", "coordinates": [ [ [ 2647072.731938503682613, 1167820.048969612224028 ], [ 2647094.031196444295347, 1167816.413825376192108 ], [ 2647091.27154996059835, 1167800.339267191011459 ], [ 2647069.96449614642188, 1167803.985477535054088 ], [ 2647072.731938503682613, 1167820.048969612224028 ] ] ] } },
{ "type": "Feature", "properties": { "osm_id": 25010811, "osm_typ": "way", "name": null, "art": "yes", "kapazitaet": null, "belegung": null, "osm_typ_2": "way", "name_2": "Mürren/Schilthorn", "landuse": "winter_sports", "matching_id": 30207, "osm_id_2": 909202 }, "geometry": { "type": "Polygon", "coordinates": [ [ [ 2634883.964377776253968, 1155190.739399366313592 ], [ 2634888.005027467384934, 1155188.339342031395063 ], [ 2634892.858749934472144, 1155196.527140393620357 ], [ 2634884.69914329983294, 1155200.28182349097915 ], [ 2634883.656059025321156, 1155200.275784720433876 ], [ 2634883.964377776253968, 1155190.739399366313592 ] ] ] } },
{ "type": "Feature", "properties": { "osm_id": 222985560, "osm_typ": "way", "name": null, "art": "station", "kapazitaet": null, "belegung": null, "osm_typ_2": "way", "name_2": "Mürren/Schilthorn", "landuse": "winter_sports", "matching_id": 30207, "osm_id_2": 909202 }, "geometry": { "type": "Polygon", "coordinates": [ [ [ 2632041.273416679818183, 1156800.752839420922101 ], [ 2632037.411940679885447, 1156813.138574657030404 ], [ 2632064.660666735377163, 1156822.34366112947464 ], [ 2632068.993547638412565, 1156829.448078168556094 ], [ 2632068.868912541307509, 1156829.814266845816746 ], [ 2632079.531149467453361, 1156823.323273434303701 ], [ 2632072.127340983133763, 1156811.166622846154496 ], [ 2632041.273416679818183, 1156800.752839420922101 ] ] ] } },
{ "type": "Feature", "properties": { "osm_id": 230464616, "osm_typ": "way", "name": "Grütschalp", "art": "yes", "kapazitaet": null, "belegung": null, "osm_typ_2": "way", "name_2": "Mürren/Schilthorn", "landuse": "winter_sports", "matching_id": 30207, "osm_id_2": 909202 }, "geometry": { "type": "Polygon", "coordinates": [ [ [ 2634658.117768364492804, 1160687.041931035462767 ], [ 2634657.686974313575774, 1160688.66250082035549 ], [ 2634672.077042245771736, 1160691.502321403007954 ], [ 2634673.165103169623762, 1160686.194767189212143 ], [ 2634658.889324172865599, 1160683.466769838705659 ], [ 2634658.117768364492804, 1160687.041931035462767 ] ] ] } },
{ "type": "Feature", "properties": { "osm_id": 230567292, "osm_typ": "way", "name": null, "art": "station", "kapazitaet": null, "belegung": null, "osm_typ_2": "way", "name_2": "Mürren/Schilthorn", "landuse": "winter_sports", "matching_id": 30207, "osm_id_2": 909202 }, "geometry": { "type": "Polygon", "coordinates": [ [ [ 2634877.205243682023138, 1155201.661386606749147 ], [ 2634881.97202238952741, 1155202.34486763458699 ], [ 2634883.226624765433371, 1155193.636599719990045 ], [ 2634887.380280130542815, 1155194.238718314329162 ], [ 2634888.073164640460163, 1155189.81826410908252 ], [ 2634889.031111087650061, 1155189.957211658358574 ], [ 2634895.53844491392374, 1155185.437026563100517 ], [ 2634893.241297315340489, 1155182.122049382189289 ], [ 2634886.726163194514811, 1155186.664425300667062 ], [ 2634879.376981440931559, 1155185.565788767999038 ], [ 2634878.535558978561312, 1155191.797414144035429 ], [ 2634877.205243682023138, 1155201.661386606749147 ] ] ] } },
{ "type": "Feature", "properties": { "osm_id": 230567293, "osm_typ": "way", "name": null, "art": "station", "kapazitaet": null, "belegung": null, "osm_typ_2": "way", "name_2": "Mürren/Schilthorn", "landuse": "winter_sports", "matching_id": 30207, "osm_id_2": 909202 }, "geometry": { "type": "Polygon", "coordinates": [ [ [ 2632157.239573200698942, 1156824.371176094049588 ], [ 2632154.645012956112623, 1156809.094058660091832 ], [ 2632153.094657401088625, 1156809.363703121431172 ], [ 2632149.722295843996108, 1156803.331556409131736 ], [ 2632146.369336129631847, 1156805.159043058985844 ], [ 2632143.026170982513577, 1156800.839032312156633 ], [ 2632139.232659307774156, 1156799.006768602412194 ], [ 2632135.014950895681977, 1156799.073205568129197 ], [ 2632123.496652422007173, 1156803.591875643236563 ], [ 2632119.232444177847356, 1156802.312951481901109 ], [ 2632117.862060230225325, 1156801.90544394752942 ], [ 2632118.12750255363062, 1156801.017520593479276 ], [ 2632119.001988489180803, 1156798.076249030651525 ], [ 2632113.864546212833375, 1156796.625922714592889 ], [ 2632112.724857960827649, 1156800.41065295226872 ], [ 2632093.692274908069521, 1156794.806461315136403 ], [ 2632091.920265465509146, 1156800.700005825608969 ], [ 2632092.877247184049338, 1156800.983021389460191 ], [ 2632090.21531548211351, 1156809.839992947177961 ], [ 2632106.514758250676095, 1156814.629204271594062 ], [ 2632107.677976192440838, 1156810.744547690963373 ], [ 2632115.969515196047723, 1156813.14548583352007 ], [ 2632120.202630860265344, 1156814.502059075282887 ], [ 2632119.929402601905167, 1156815.412174293305725 ], [ 2632122.11892089061439, 1156816.068617459852248 ], [ 2632125.54815477039665, 1156835.885796634713188 ], [ 2632132.770291820634156, 1156834.634768864605576 ], [ 2632133.075179698877037, 1156836.415071667637676 ], [ 2632145.239852560684085, 1156834.334432563045993 ], [ 2632145.039171975106001, 1156833.143871783046052 ], [ 2632153.988081640098244, 1156831.613047503866255 ], [ 2632152.887794623151422, 1156825.13723884569481 ], [ 2632157.239573200698942, 1156824.371176094049588 ] ] ] } },
{ "type": "Feature", "properties": { "osm_id": 318295116, "osm_typ": "way", "name": null, "art": "yes", "kapazitaet": null, "belegung": null, "osm_typ_2": "way", "name_2": "Mürren/Schilthorn", "landuse": "winter_sports", "matching_id": 30207, "osm_id_2": 909202 }, "geometry": { "type": "Polygon", "coordinates": [ [ [ 2630424.705944859422743, 1156312.687228209106252 ], [ 2630425.587001141160727, 1156309.812448387034237 ], [ 2630419.675978309009224, 1156308.015050769085065 ], [ 2630419.254818554967642, 1156309.413630370050669 ], [ 2630418.802536812610924, 1156310.900986594380811 ], [ 2630420.180758351925761, 1156311.319261849857867 ], [ 2630424.705944859422743, 1156312.687228209106252 ] ] ] } },
{ "type": "Feature", "properties": { "osm_id": 318295117, "osm_typ": "way", "name": null, "art": "yes", "kapazitaet": null, "belegung": null, "osm_typ_2": "way", "name_2": "Mürren/Schilthorn", "landuse": "winter_sports", "matching_id": 30207, "osm_id_2": 909202 }, "geometry": { "type": "Polygon", "coordinates": [ [ [ 2635515.461573793087155, 1156076.398690432077274 ], [ 2635519.35579242464155, 1156081.868861289462075 ], [ 2635524.607942212373018, 1156078.142364364583045 ], [ 2635520.713660343084484, 1156072.683306492865086 ], [ 2635515.461573793087155, 1156076.398690432077274 ] ] ] } },
{ "type": "Feature", "properties": { "osm_id": 318295118, "osm_typ": "way", "name": null, "art": "yes", "kapazitaet": null, "belegung": null, "osm_typ_2": "way", "name_2": "Mürren/Schilthorn", "landuse": "winter_sports", "matching_id": 30207, "osm_id_2": 909202 }, "geometry": { "type": "Polygon", "coordinates": [ [ [ 2632155.583032071590424, 1156821.549802238121629 ], [ 2632154.862108982633799, 1156817.266013711690903 ], [ 2632148.776066982652992, 1156818.278508949093521 ], [ 2632149.214816938154399, 1156820.837697935290635 ], [ 2632149.504661943763494, 1156822.562337661860511 ], [ 2632155.583032071590424, 1156821.549802238121629 ] ] ] } },
{ "type": "Feature", "properties": { "osm_id": 318295119, "osm_typ": "way", "name": null, "art": "yes", "kapazitaet": null, "belegung": null, "osm_typ_2": "way", "name_2": "Mürren/Schilthorn", "landuse": "winter_sports", "matching_id": 30207, "osm_id_2": 909202 }, "geometry": { "type": "Polygon", "coordinates": [ [ [ 2632154.595861536916345, 1156815.430332357762381 ], [ 2632153.8212038599886, 1156811.157373936614022 ], [ 2632147.750076035503298, 1156812.247766939457506 ], [ 2632148.159816987812519, 1156814.495532623957843 ], [ 2632148.524737874511629, 1156816.52072458458133 ], [ 2632154.595861536916345, 1156815.430332357762381 ] ] ] } },
{ "type": "Feature", "properties": { "osm_id": 318295120, "osm_typ": "way", "name": null, "art": "yes", "kapazitaet": null, "belegung": null, "osm_typ_2": "way", "name_2": "Mürren/Schilthorn", "landuse": "winter_sports", "matching_id": 30207, "osm_id_2": 909202 }, "geometry": { "type": "Polygon", "coordinates": [ [ [ 2632093.276411090046167, 1156802.341388531029224 ], [ 2632101.345782009419054, 1156804.707772813970223 ], [ 2632101.939365420490503, 1156802.676573974080384 ], [ 2632102.540735381655395, 1156800.62318322644569 ], [ 2632094.463573295623064, 1156798.278989325277507 ], [ 2632093.276411090046167, 1156802.341388531029224 ] ] ] } },
{ "type": "Feature", "properties": { "osm_id": 318295121, "osm_typ": "way", "name": null, "art": "yes", "kapazitaet": null, "belegung": null, "osm_typ_2": "way", "name_2": "Mürren/Schilthorn", "landuse": "winter_sports", "matching_id": 30207, "osm_id_2": 909202 }, "geometry": { "type": "Polygon", "coordinates": [ [ [ 2632091.1374507304281, 1156809.466935623669997 ], [ 2632099.206872106529772, 1156811.822200632188469 ], [ 2632100.081524932291359, 1156808.847577057778835 ], [ 2632100.885807181242853, 1156806.128263451391831 ], [ 2632092.80877030454576, 1156803.761838940903544 ], [ 2632091.1374507304281, 1156809.466935623669997 ] ] ] } },
{ "type": "Feature", "properties": { "osm_id": 318295122, "osm_typ": "way", "name": null, "art": "yes", "kapazitaet": null, "belegung": null, "osm_typ_2": "way", "name_2": "Mürren/Schilthorn", "landuse": "winter_sports", "matching_id": 30207, "osm_id_2": 909202 }, "geometry": { "type": "Polygon", "coordinates": [ [ [ 2635501.817277495283633, 1156080.531522487290204 ], [ 2635505.71150576742366, 1156086.001684515969828 ], [ 2635510.963643449358642, 1156082.27517566899769 ], [ 2635507.069351965095848, 1156076.816126616671681 ], [ 2635501.817277495283633, 1156080.531522487290204 ] ] ] } },
{ "type": "Feature", "properties": { "osm_id": 318295123, "osm_typ": "way", "name": null, "art": "yes", "kapazitaet": null, "belegung": null, "osm_typ_2": "way", "name_2": "Mürren/Schilthorn", "landuse": "winter_sports", "matching_id": 30207, "osm_id_2": 909202 }, "geometry": { "type": "Polygon", "coordinates": [ [ [ 2634696.245957798790187, 1156379.158921150490642 ], [ 2634699.638774584513158, 1156378.578157362295315 ], [ 2634698.124650288838893, 1156369.853902094764635 ], [ 2634694.724096477031708, 1156370.445738954702392 ], [ 2634696.245957798790187, 1156379.158921150490642 ] ] ] } },
{ "type": "Feature", "properties": { "osm_id": 318295124, "osm_typ": "way", "name": null, "art": "yes", "kapazitaet": null, "belegung": null, "osm_typ_2": "way", "name_2": "Mürren/Schilthorn", "landuse": "winter_sports", "matching_id": 30207, "osm_id_2": 909202 }, "geometry": { "type": "Polygon", "coordinates": [ [ [ 2634879.544119753874838, 1155187.167568038683385 ], [ 2634881.843437160830945, 1155187.458796919323504 ], [ 2634880.417668140958995, 1155197.911403784062713 ], [ 2634878.133822842035443, 1155197.598031487781554 ], [ 2634879.544119753874838, 1155187.167568038683385 ] ] ] } },
{ "type": "Feature", "properties": { "osm_id": 318295125, "osm_typ": "way", "name": null, "art": "yes", "kapazitaet": null, "belegung": null, "osm_typ_2": "way", "name_2": "Mürren/Schilthorn", "landuse": "winter_sports", "matching_id": 30207, "osm_id_2": 909202 }, "geometry": { "type": "Polygon", "coordinates": [ [ [ 2630426.955203942488879, 1156306.139725119341165 ], [ 2630427.704329010099173, 1156303.575547371758148 ], [ 2630421.923101128078997, 1156301.889970043674111 ], [ 2630421.579858318902552, 1156303.044375191442668 ], [ 2630421.166366113815457, 1156304.442993367556483 ], [ 2630426.955203942488879, 1156306.139725119341165 ] ] ] } },
{ "type": "Feature", "properties": { "osm_id": 318295126, "osm_typ": "way", "name": null, "art": "yes", "kapazitaet": null, "belegung": null, "osm_typ_2": "way", "name_2": "Mürren/Schilthorn", "landuse": "winter_sports", "matching_id": 30207, "osm_id_2": 909202 }, "geometry": { "type": "Polygon", "coordinates": [ [ [ 2634712.346126431599259, 1156345.189935036702082 ], [ 2634710.88694649701938, 1156357.5433571243193 ], [ 2634713.523098927922547, 1156357.858698539668694 ], [ 2634714.98234826978296, 1156345.494160710833967 ], [ 2634712.346126431599259, 1156345.189935036702082 ] ] ] } },
{ "type": "Feature", "properties": { "osm_id": 318295127, "osm_typ": "way", "name": null, "art": "yes", "kapazitaet": null, "belegung": null, "osm_typ_2": "way", "name_2": "Mürren/Schilthorn", "landuse": "winter_sports", "matching_id": 30207, "osm_id_2": 909202 }, "geometry": { "type": "Polygon", "coordinates": [ [ [ 2634717.733145564328879, 1156345.876865088241175 ], [ 2634716.273890645708889, 1156358.241402250248939 ], [ 2634718.910106564871967, 1156358.545629646163434 ], [ 2634720.361634499859065, 1156346.192165311658755 ], [ 2634717.733145564328879, 1156345.876865088241175 ] ] ] } },
{ "type": "Feature", "properties": { "osm_id": 318736194, "osm_typ": "way", "name": null, "art": "yes", "kapazitaet": null, "belegung": null, "osm_typ_2": "way", "name_2": "Mürren/Schilthorn", "landuse": "winter_sports", "matching_id": 30207, "osm_id_2": 909202 }, "geometry": { "type": "Polygon", "coordinates": [ [ [ 2634544.142940269317478, 1157043.522495399229228 ], [ 2634537.148041253443807, 1157051.897770761046559 ], [ 2634538.804022047668695, 1157053.274626258062199 ], [ 2634545.798985551577061, 1157044.888236429309472 ], [ 2634544.142940269317478, 1157043.522495399229228 ] ] ] } },
{ "type": "Feature", "properties": { "osm_id": 318736195, "osm_typ": "way", "name": null, "art": "yes", "kapazitaet": null, "belegung": null, "osm_typ_2": "way", "name_2": "Mürren/Schilthorn", "landuse": "winter_sports", "matching_id": 30207, "osm_id_2": 909202 }, "geometry": { "type": "Polygon", "coordinates": [ [ [ 2634541.26495653251186, 1157041.304874639259651 ], [ 2634534.269995270762593, 1157049.691269729984924 ], [ 2634535.933708442375064, 1157051.057052004616708 ], [ 2634542.920939335599542, 1157042.681731265969574 ], [ 2634541.26495653251186, 1157041.304874639259651 ] ] ] } },
{ "type": "Feature", "properties": { "osm_id": 816936527, "osm_typ": "way", "name": "Skyline View Platform", "art": "station", "kapazitaet": null, "belegung": null, "osm_typ_2": "way", "name_2": "Mürren/Schilthorn", "landuse": "winter_sports", "matching_id": 30207, "osm_id_2": 909202 }, "geometry": { "type": "Polygon", "coordinates": [ [ [ 2630366.61606481205672, 1156315.907113637542352 ], [ 2630370.703605776187032, 1156317.384001136291772 ], [ 2630375.130743627436459, 1156316.906062139431015 ], [ 2630378.74712321953848, 1156314.489731737412512 ], [ 2630380.579542647115886, 1156309.996701643336564 ], [ 2630380.021118495147675, 1156306.681106856791303 ], [ 2630388.327530662063509, 1156300.319761930266395 ], [ 2630396.238210756797343, 1156302.482949121389538 ], [ 2630395.476492940448225, 1156299.944497202057391 ], [ 2630395.355464735534042, 1156295.052534265909344 ], [ 2630396.897346264217049, 1156290.391293051885441 ], [ 2630399.945914246141911, 1156286.526938962284476 ], [ 2630404.722318839747459, 1156283.705157671123743 ], [ 2630408.982463262509555, 1156282.892899629892781 ], [ 2630413.879233141429722, 1156283.573496693046764 ], [ 2630418.254029970616102, 1156285.874502750346437 ], [ 2630421.579137703869492, 1156289.515334932133555 ], [ 2630423.592541591264307, 1156294.750353072537109 ], [ 2630423.726658908184618, 1156298.564061848679557 ], [ 2630422.329502848442644, 1156303.415010979631916 ], [ 2630420.119862663559616, 1156306.672169459052384 ], [ 2630416.947158337570727, 1156309.301931947702542 ], [ 2630413.158428135327995, 1156310.916966497898102 ], [ 2630409.068744906689972, 1156311.385463621234521 ], [ 2630405.008068547584116, 1156310.664621860254556 ], [ 2630402.468523119110614, 1156309.395621170522645 ], [ 2630401.220337296836078, 1156313.602557488251477 ], [ 2630405.140402416232973, 1156314.834055931540206 ], [ 2630405.89153629494831, 1156311.869684072211385 ], [ 2630416.573749280069023, 1156314.91398602980189 ], [ 2630417.921689884271473, 1156310.696439645485952 ], [ 2630420.180758351925761, 1156311.319261849857867 ], [ 2630419.681119878776371, 1156313.073180007049814 ], [ 2630424.596828087233007, 1156314.554284697165713 ], [ 2630426.116003134753555, 1156309.837352653732523 ], [ 2630421.621544204652309, 1156308.458423645468429 ], [ 2630423.483283550944179, 1156307.278334220172837 ], [ 2630425.844475141726434, 1156305.900666205445305 ], [ 2630429.38991500204429, 1156306.907954836962745 ], [ 2630432.529819648247212, 1156297.107754924567416 ], [ 2630425.837176806759089, 1156295.195237130625173 ], [ 2630422.926935076247901, 1156288.36600103136152 ], [ 2630419.526266231201589, 1156284.50245248596184 ], [ 2630414.41648472705856, 1156281.964285137364641 ], [ 2630408.769336298108101, 1156281.057566999690607 ], [ 2630403.580085444729775, 1156282.109705301932991 ], [ 2630398.180020132102072, 1156285.428593550110236 ], [ 2630395.579244676977396, 1156288.694904732517898 ], [ 2630392.279512077569962, 1156287.622175025986508 ], [ 2630392.116178150754422, 1156288.077136406674981 ], [ 2630391.789622494019568, 1156288.964826340088621 ], [ 2630391.392201783601195, 1156290.219010342611 ], [ 2630395.565227451734245, 1156291.474011576268822 ], [ 2630394.600728258956224, 1156294.170507499016821 ], [ 2630394.398435886017978, 1156294.747556142741814 ], [ 2630387.016692537814379, 1156292.620388641487807 ], [ 2630375.656528327614069, 1156300.833949525142089 ], [ 2630372.662523841485381, 1156299.962872373638675 ], [ 2630368.473428211174905, 1156300.375312538584694 ], [ 2630364.968820594716817, 1156303.436981495702639 ], [ 2630363.30701837176457, 1156307.552907781908289 ], [ 2630363.852686375845224, 1156311.880057310918346 ], [ 2630366.61606481205672, 1156315.907113637542352 ] ] ] } },
{ "type": "Feature", "properties": { "osm_id": 297350980, "osm_typ": "way", "name": null, "art": "station", "kapazitaet": null, "belegung": null, "osm_typ_2": "way", "name_2": "Laax", "landuse": "winter_sports", "matching_id": 30095, "osm_id_2": 909251 }, "geometry": { "type": "Polygon", "coordinates": [ [ [ 2739239.717592478729784, 1187047.034090881701559 ], [ 2739247.272161855362356, 1187066.491668099304661 ], [ 2739240.815638073720038, 1187069.065816402900964 ], [ 2739241.499934290070087, 1187070.49395736027509 ], [ 2739242.737407891079783, 1187073.080312642036006 ], [ 2739224.628355262801051, 1187080.431800187565386 ], [ 2739225.857433626893908, 1187083.707387176342309 ], [ 2739203.318949412554502, 1187093.124269814928994 ], [ 2739198.003948261030018, 1187081.080175588373095 ], [ 2739218.098059813957661, 1187071.739850794197991 ], [ 2739211.768384941387922, 1187058.360000074841082 ], [ 2739239.717592478729784, 1187047.034090881701559 ] ] ] } },
{ "type": "Feature", "properties": { "osm_id": 297353363, "osm_typ": "way", "name": null, "art": "station", "kapazitaet": null, "belegung": null, "osm_typ_2": "way", "name_2": "Laax", "landuse": "winter_sports", "matching_id": 30095, "osm_id_2": 909251 }, "geometry": { "type": "Polygon", "coordinates": [ [ [ 2738653.025746814906597, 1187297.531712575815618 ], [ 2738654.837990446947515, 1187285.530925936764106 ], [ 2738686.277554240077734, 1187289.8288623415865 ], [ 2738713.021911869756877, 1187273.090620828093961 ], [ 2738719.286219725385308, 1187283.399339601397514 ], [ 2738688.829749733675271, 1187302.553489740472287 ], [ 2738653.025746814906597, 1187297.531712575815618 ] ] ] } },
{ "type": "Feature", "properties": { "osm_id": 1031715511, "osm_typ": "way", "name": null, "art": "station", "kapazitaet": null, "belegung": null, "osm_typ_2": "way", "name_2": "Laax", "landuse": "winter_sports", "matching_id": 30095, "osm_id_2": 909251 }, "geometry": { "type": "Polygon", "coordinates": [ [ [ 2735540.375884274486452, 1188644.780999850248918 ], [ 2735537.873345310334116, 1188645.43597354949452 ], [ 2735534.755288289859891, 1188633.511727045755833 ], [ 2735534.08786140801385, 1188630.972433439921588 ], [ 2735555.711613203398883, 1188625.35755540151149 ], [ 2735559.497301139403135, 1188639.809995072660968 ], [ 2735540.375884274486452, 1188644.780999850248918 ] ] ] } },
{ "type": "Feature", "properties": { "osm_id": 1031715512, "osm_typ": "way", "name": null, "art": "station", "kapazitaet": null, "belegung": null, "osm_typ_2": "way", "name_2": "Laax", "landuse": "winter_sports", "matching_id": 30095, "osm_id_2": 909251 }, "geometry": { "type": "Polygon", "coordinates": [ [ [ 2735574.411950745154172, 1188639.647527204593644 ], [ 2735580.661808245349675, 1188653.78886518557556 ], [ 2735573.385809583589435, 1188656.982155845267698 ], [ 2735560.74548862176016, 1188662.522496355464682 ], [ 2735554.503473463002592, 1188648.370237808208913 ], [ 2735574.411950745154172, 1188639.647527204593644 ] ] ] } },
{ "type": "Feature", "properties": { "osm_id": 1262837736, "osm_typ": "way", "name": null, "art": "station", "kapazitaet": null, "belegung": null, "osm_typ_2": "way", "name_2": "Laax", "landuse": "winter_sports", "matching_id": 30095, "osm_id_2": 909251 }, "geometry": { "type": "Polygon", "coordinates": [ [ [ 2738152.442354363854975, 1191156.302866662153974 ], [ 2738148.772999490611255, 1191147.400056784739718 ], [ 2738173.633362091612071, 1191118.306535553419963 ], [ 2738181.432290144730359, 1191096.380419917171821 ], [ 2738199.610010833479464, 1191081.188123438740149 ], [ 2738219.013086485676467, 1191093.84610523050651 ], [ 2738206.621534739155322, 1191106.547757065389305 ], [ 2738212.765701729804277, 1191115.963707226095721 ], [ 2738215.430127438157797, 1191128.079215932404622 ], [ 2738208.928581148386002, 1191141.061537016415969 ], [ 2738179.800211880821735, 1191146.88250482454896 ], [ 2738163.238775832112879, 1191152.215513580944389 ], [ 2738152.442354363854975, 1191156.302866662153974 ] ] ] } },
{ "type": "Feature", "properties": { "osm_id": 116676736, "osm_typ": "way", "name": null, "art": "station", "kapazitaet": null, "belegung": null, "osm_typ_2": "way", "name_2": "Saint Luc - Chandolin", "landuse": "winter_sports", "matching_id": 30251, "osm_id_2": 909194 }, "geometry": { "type": "Polygon", "coordinates": [ [ [ 2613193.864380757790059, 1119767.887101118220016 ], [ 2613210.553666478954256, 1119759.952749358024448 ], [ 2613208.672028777189553, 1119756.024511177558452 ], [ 2613206.037775325588882, 1119750.504968954948708 ], [ 2613197.218152947723866, 1119754.699004338821396 ], [ 2613190.574813347775489, 1119740.811105695553124 ], [ 2613182.697401069104671, 1119744.551426498685032 ], [ 2613193.864380757790059, 1119767.887101118220016 ] ] ] } },
{ "type": "Feature", "properties": { "osm_id": 32796207, "osm_typ": "way", "name": null, "art": "station", "kapazitaet": null, "belegung": null, "osm_typ_2": "way", "name_2": "Arosa Lenzerheide", "landuse": "winter_sports", "matching_id": 30016, "osm_id_2": 909020 }, "geometry": { "type": "Polygon", "coordinates": [ [ [ 2766662.481222057715058, 1181876.628350959625095 ], [ 2766689.557156255468726, 1181882.608675207942724 ], [ 2766695.428079674951732, 1181856.170476907165721 ], [ 2766672.802762074396014, 1181851.170291070593521 ], [ 2766665.716652292758226, 1181849.605228747939691 ], [ 2766662.527965540997684, 1181863.962763457326218 ], [ 2766665.163336911704391, 1181864.547659557079896 ], [ 2766662.481222057715058, 1181876.628350959625095 ] ] ] } },
{ "type": "Feature", "properties": { "osm_id": 326162515, "osm_typ": "way", "name": null, "art": "station", "kapazitaet": null, "belegung": null, "osm_typ_2": "way", "name_2": "Arosa Lenzerheide", "landuse": "winter_sports", "matching_id": 30016, "osm_id_2": 909020 }, "geometry": { "type": "Polygon", "coordinates": [ [ [ 2766684.913933036383241, 1181814.952376864152029 ], [ 2766680.964733293280005, 1181812.974143317667767 ], [ 2766683.06723490357399, 1181808.817767718574032 ], [ 2766680.525823948439211, 1181807.601578566245735 ], [ 2766683.599451036192477, 1181801.225772235775366 ], [ 2766697.1788648404181, 1181808.087244756985456 ], [ 2766694.057033001910895, 1181814.272644936805591 ], [ 2766687.032945324201137, 1181810.75197779503651 ], [ 2766684.913933036383241, 1181814.952376864152029 ] ] ] } },
{ "type": "Feature", "properties": { "osm_id": 400894560, "osm_typ": "way", "name": null, "art": "station", "kapazitaet": null, "belegung": null, "osm_typ_2": "way", "name_2": "Arosa Lenzerheide", "landuse": "winter_sports", "matching_id": 30016, "osm_id_2": 909020 }, "geometry": { "type": "Polygon", "coordinates": [ [ [ 2762307.24698847765103, 1180850.484639230882749 ], [ 2762304.159227194264531, 1180850.489952318836004 ], [ 2762301.980780379381031, 1180847.962111363885924 ], [ 2762302.15130155486986, 1180845.053074444644153 ], [ 2762304.599080705083907, 1180842.717290020547807 ], [ 2762321.312491757329553, 1180836.831237209727988 ], [ 2762324.031523054465652, 1180844.511554722907022 ], [ 2762307.24698847765103, 1180850.484639230882749 ] ] ] } },
{ "type": "Feature", "properties": { "osm_id": 1304628778, "osm_typ": "way", "name": null, "art": "station", "kapazitaet": null, "belegung": null, "osm_typ_2": "way", "name_2": "Arosa Lenzerheide", "landuse": "winter_sports", "matching_id": 30016, "osm_id_2": 909020 }, "geometry": { "type": "Polygon", "coordinates": [ [ [ 2763628.850130878388882, 1180403.17744114017114 ], [ 2763612.697333566844463, 1180389.836088736075908 ], [ 2763614.914255792275071, 1180385.904230997897685 ], [ 2763618.324013993609697, 1180382.794531951192766 ], [ 2763634.66927631944418, 1180396.085551351774484 ], [ 2763632.231814924161881, 1180400.256038361694664 ], [ 2763628.850130878388882, 1180403.17744114017114 ] ] ] } },
{ "type": "Feature", "properties": { "osm_id": 1304628779, "osm_typ": "way", "name": null, "art": "station", "kapazitaet": null, "belegung": null, "osm_typ_2": "way", "name_2": "Arosa Lenzerheide", "landuse": "winter_sports", "matching_id": 30016, "osm_id_2": 909020 }, "geometry": { "type": "Polygon", "coordinates": [ [ [ 2763634.911374425981194, 1180361.19482064852491 ], [ 2763633.574487535282969, 1180359.490175216458738 ], [ 2763632.042818468995392, 1180355.122318530222401 ], [ 2763632.026281296741217, 1180353.209074432263151 ], [ 2763648.572229984682053, 1180347.12190449051559 ], [ 2763649.910329776350409, 1180348.782102860277519 ], [ 2763651.492973778862506, 1180352.962301649153233 ], [ 2763651.460947083309293, 1180354.974307464202866 ], [ 2763634.911374425981194, 1180361.19482064852491 ] ] ] } },
{ "type": "Feature", "properties": { "osm_id": 1426641481, "osm_typ": "way", "name": null, "art": "station", "kapazitaet": null, "belegung": null, "osm_typ_2": "way", "name_2": "Arosa Lenzerheide", "landuse": "winter_sports", "matching_id": 30016, "osm_id_2": 909020 }, "geometry": { "type": "Polygon", "coordinates": [ [ [ 2766644.932963907718658, 1181779.231202429160476 ], [ 2766646.497139639686793, 1181752.673147480236366 ], [ 2766672.764835285954177, 1181754.215832539601251 ], [ 2766671.982379062101245, 1181767.505968906218186 ], [ 2766671.200543077196926, 1181780.773880639346316 ], [ 2766644.932963907718658, 1181779.231202429160476 ] ] ] } },
{ "type": "Feature", "properties": { "osm_id": 121123869, "osm_typ": "way", "name": null, "art": "station", "kapazitaet": null, "belegung": null, "osm_typ_2": "way", "name_2": "Jakobshorn", "landuse": "winter_sports", "matching_id": 30132, "osm_id_2": 909155 }, "geometry": { "type": "Polygon", "coordinates": [ [ [ 2781982.632089835591614, 1184824.638376048533246 ], [ 2781974.278507128823549, 1184820.502905709203333 ], [ 2781980.421956185717136, 1184808.132992741651833 ], [ 2781984.177276912610978, 1184809.993285207776353 ], [ 2781988.783184623811394, 1184812.268703602487221 ], [ 2781982.632089835591614, 1184824.638376048533246 ] ] ] } },
{ "type": "Feature", "properties": { "osm_id": 209032877, "osm_typ": "way", "name": null, "art": "station", "kapazitaet": null, "belegung": null, "osm_typ_2": "way", "name_2": "Corviglia", "landuse": "winter_sports", "matching_id": 30062, "osm_id_2": 909143 }, "geometry": { "type": "Polygon", "coordinates": [ [ [ 2783081.909995425492525, 1154482.344421772519127 ], [ 2783092.918396884575486, 1154488.195728264283389 ], [ 2783089.614427937194705, 1154493.57816711277701 ], [ 2783090.67935259686783, 1154495.923875342356041 ], [ 2783082.406619833782315, 1154512.198927460936829 ], [ 2783069.849003370385617, 1154505.788907314185053 ], [ 2783078.376297483686358, 1154489.221299622906372 ], [ 2783081.909995425492525, 1154482.344421772519127 ] ] ] } },
{ "type": "Feature", "properties": { "osm_id": 209032904, "osm_typ": "way", "name": null, "art": "station", "kapazitaet": null, "belegung": null, "osm_typ_2": "way", "name_2": "Corviglia", "landuse": "winter_sports", "matching_id": 30062, "osm_id_2": 909143 }, "geometry": { "type": "Polygon", "coordinates": [ [ [ 2783123.344708482734859, 1154484.428314990596846 ], [ 2783109.258577529806644, 1154486.869017711607739 ], [ 2783107.852852437179536, 1154478.818647952983156 ], [ 2783100.744244132656604, 1154480.048140609171242 ], [ 2783097.034861311782151, 1154485.885348227107897 ], [ 2783097.851679147686809, 1154490.581298492150381 ], [ 2783098.349101626779884, 1154493.410213488852605 ], [ 2783096.249846349470317, 1154493.768956095911562 ], [ 2783098.851357418578118, 1154508.695527930278331 ], [ 2783115.337867308408022, 1154505.838499975157902 ], [ 2783117.103770562447608, 1154514.667227706871927 ], [ 2783128.253819324076176, 1154512.58205045061186 ], [ 2783123.344708482734859, 1154484.428314990596846 ] ] ] } },
{ "type": "Feature", "properties": { "osm_id": 330878190, "osm_typ": "way", "name": null, "art": "station", "kapazitaet": null, "belegung": null, "osm_typ_2": "way", "name_2": "Corviglia", "landuse": "winter_sports", "matching_id": 30062, "osm_id_2": 909143 }, "geometry": { "type": "Polygon", "coordinates": [ [ [ 2782020.608136554248631, 1154650.089552217163146 ], [ 2782016.094885563012213, 1154638.887033326551318 ], [ 2782023.703061339445412, 1154635.847443810664117 ], [ 2782022.003215538337827, 1154631.636543428758159 ], [ 2782034.383244790136814, 1154626.683831360191107 ], [ 2782035.28982174070552, 1154628.946699687745422 ], [ 2782040.545637444593012, 1154641.995641771238297 ], [ 2782042.06681762309745, 1154645.767400049138814 ], [ 2782031.551586371380836, 1154649.986878646770492 ], [ 2782030.066063751000911, 1154646.305174702079967 ], [ 2782020.608136554248631, 1154650.089552217163146 ] ] ] } },
{ "type": "Feature", "properties": { "osm_id": 330878191, "osm_typ": "way", "name": null, "art": "station", "kapazitaet": null, "belegung": null, "osm_typ_2": "way", "name_2": "Corviglia", "landuse": "winter_sports", "matching_id": 30062, "osm_id_2": 909143 }, "geometry": { "type": "Polygon", "coordinates": [ [ [ 2781130.713290927000344, 1154977.522535760188475 ], [ 2781120.328864746261388, 1154969.024457652587444 ], [ 2781132.36050260392949, 1154954.428184332791716 ], [ 2781137.155580059159547, 1154958.353871535509825 ], [ 2781139.482204352039844, 1154955.532315775286406 ], [ 2781149.611535787116736, 1154963.833680084673688 ], [ 2781137.811000162735581, 1154978.147717153420672 ], [ 2781133.270698298700154, 1154974.429887005360797 ], [ 2781130.713290927000344, 1154977.522535760188475 ] ] ] } },
{ "type": "Feature", "properties": { "osm_id": 330878198, "osm_typ": "way", "name": null, "art": "station", "kapazitaet": null, "belegung": null, "osm_typ_2": "way", "name_2": "Corviglia", "landuse": "winter_sports", "matching_id": 30062, "osm_id_2": 909143 }, "geometry": { "type": "Polygon", "coordinates": [ [ [ 2782377.469580014236271, 1155821.125359727535397 ], [ 2782380.476525924634188, 1155815.622345468495041 ], [ 2782377.471116675063968, 1155813.985324390232563 ], [ 2782381.753842388279736, 1155806.152082777349278 ], [ 2782384.108425561338663, 1155808.748076980235055 ], [ 2782393.364852502476424, 1155791.812446866417304 ], [ 2782403.990326549857855, 1155797.573088942561299 ], [ 2782395.935921270400286, 1155812.331945401150733 ], [ 2782398.284573691897094, 1155813.604292331496254 ], [ 2782390.360315791796893, 1155828.122425745939836 ], [ 2782377.469580014236271, 1155821.125359727535397 ] ] ] } },
{ "type": "Feature", "properties": { "osm_id": 330878208, "osm_typ": "way", "name": null, "art": "station", "kapazitaet": null, "belegung": null, "osm_typ_2": "way", "name_2": "Corviglia", "landuse": "winter_sports", "matching_id": 30062, "osm_id_2": 909143 }, "geometry": { "type": "Polygon", "coordinates": [ [ [ 2781319.19896334130317, 1153129.059219505172223 ], [ 2781315.784680201672018, 1153120.292671875795349 ], [ 2781326.433856265619397, 1153115.008249604608864 ], [ 2781327.193256180733442, 1153116.565902856178582 ], [ 2781340.485038534738123, 1153111.761499939253554 ], [ 2781343.251020803581923, 1153118.59562191949226 ], [ 2781329.986592430621386, 1153123.512057996820658 ], [ 2781330.402435650117695, 1153124.747957265470177 ], [ 2781319.19896334130317, 1153129.059219505172223 ] ] ] } },
{ "type": "Feature", "properties": { "osm_id": 330878209, "osm_typ": "way", "name": null, "art": "station", "kapazitaet": null, "belegung": null, "osm_typ_2": "way", "name_2": "Corviglia", "landuse": "winter_sports", "matching_id": 30062, "osm_id_2": 909143 }, "geometry": { "type": "Polygon", "coordinates": [ [ [ 2781214.376235887408257, 1153073.208216276951134 ], [ 2781220.766743076965213, 1153061.689655216177925 ], [ 2781227.096874389797449, 1153065.183362270705402 ], [ 2781220.771417920012027, 1153076.58153868932277 ], [ 2781218.976337772794068, 1153077.283752049785107 ], [ 2781214.668945538345724, 1153075.218906983966008 ], [ 2781214.376235887408257, 1153073.208216276951134 ] ] ] } },
{ "type": "Feature", "properties": { "osm_id": 330878758, "osm_typ": "way", "name": null, "art": "station", "kapazitaet": null, "belegung": null, "osm_typ_2": "way", "name_2": "Corviglia", "landuse": "winter_sports", "matching_id": 30062, "osm_id_2": 909143 }, "geometry": { "type": "Polygon", "coordinates": [ [ [ 2781793.038083822466433, 1153632.102229991927743 ], [ 2781790.892451024148613, 1153631.447969736531377 ], [ 2781788.716569113079458, 1153626.711178317200392 ], [ 2781789.366751075722277, 1153624.506504046730697 ], [ 2781803.23418137524277, 1153618.163512092782184 ], [ 2781805.742689779493958, 1153619.006684650667012 ], [ 2781807.875888214912266, 1153623.630977228516713 ], [ 2781807.248427961487323, 1153625.591661476762965 ], [ 2781793.038083822466433, 1153632.102229991927743 ] ] ] } },
{ "type": "Feature", "properties": { "osm_id": 330878759, "osm_typ": "way", "name": null, "art": "station", "kapazitaet": null, "belegung": null, "osm_typ_2": "way", "name_2": "Corviglia", "landuse": "winter_sports", "matching_id": 30062, "osm_id_2": 909143 }, "geometry": { "type": "Polygon", "coordinates": [ [ [ 2781817.521327097434551, 1153685.357978363987058 ], [ 2781821.66982622910291, 1153677.920646483078599 ], [ 2781837.41609751386568, 1153686.648633835604414 ], [ 2781833.27559136133641, 1153694.075075247557834 ], [ 2781817.521327097434551, 1153685.357978363987058 ] ] ] } },
{ "type": "Feature", "properties": { "osm_id": 330878774, "osm_typ": "way", "name": null, "art": "station", "kapazitaet": null, "belegung": null, "osm_typ_2": "way", "name_2": "Corviglia", "landuse": "winter_sports", "matching_id": 30062, "osm_id_2": 909143 }, "geometry": { "type": "Polygon", "coordinates": [ [ [ 2782589.593133423943073, 1153637.144449532497674 ], [ 2782577.900899670086801, 1153622.887679780833423 ], [ 2782583.034340331330895, 1153618.705995226744562 ], [ 2782594.72657095361501, 1153632.962774931685999 ], [ 2782589.593133423943073, 1153637.144449532497674 ] ] ] } },
{ "type": "Feature", "properties": { "osm_id": 330878785, "osm_typ": "way", "name": null, "art": "station", "kapazitaet": null, "belegung": null, "osm_typ_2": "way", "name_2": "Corviglia", "landuse": "winter_sports", "matching_id": 30062, "osm_id_2": 909143 }, "geometry": { "type": "Polygon", "coordinates": [ [ [ 2782983.023467226885259, 1151992.17086526285857 ], [ 2782996.138731384184211, 1151973.596058711409569 ], [ 2783011.022209074348211, 1151984.024646778590977 ], [ 2782997.906581031158566, 1152002.610532303340733 ], [ 2782992.958225881680846, 1151999.134731792379171 ], [ 2782983.023467226885259, 1151992.17086526285857 ] ] ] } },
{ "type": "Feature", "properties": { "osm_id": 330879235, "osm_typ": "way", "name": null, "art": "station", "kapazitaet": null, "belegung": null, "osm_typ_2": "way", "name_2": "Corviglia", "landuse": "winter_sports", "matching_id": 30062, "osm_id_2": 909143 }, "geometry": { "type": "Polygon", "coordinates": [ [ [ 2781984.040962904691696, 1151625.380880549550056 ], [ 2781989.214870956726372, 1151615.071892068022862 ], [ 2781991.726404128130525, 1151613.301638497505337 ], [ 2781994.9079495142214, 1151614.776898446492851 ], [ 2781995.615247189998627, 1151616.789043555269018 ], [ 2781989.852503111585975, 1151628.281355353305116 ], [ 2781984.040962904691696, 1151625.380880549550056 ] ] ] } },
{ "type": "Feature", "properties": { "osm_id": 331000966, "osm_typ": "way", "name": null, "art": "station", "kapazitaet": null, "belegung": null, "osm_typ_2": "way", "name_2": "Corviglia", "landuse": "winter_sports", "matching_id": 30062, "osm_id_2": 909143 }, "geometry": { "type": "Polygon", "coordinates": [ [ [ 2783143.406856100074947, 1154412.025253201834857 ], [ 2783147.498819072265178, 1154404.720536356559023 ], [ 2783165.490317400544882, 1154414.732715812977403 ], [ 2783161.398338315077126, 1154422.03742044325918 ], [ 2783143.406856100074947, 1154412.025253201834857 ] ] ] } },
{ "type": "Feature", "properties": { "osm_id": 331000968, "osm_typ": "way", "name": null, "art": "station", "kapazitaet": null, "belegung": null, "osm_typ_2": "way", "name_2": "Corviglia", "landuse": "winter_sports", "matching_id": 30062, "osm_id_2": 909143 }, "geometry": { "type": "Polygon", "coordinates": [ [ [ 2783172.489389849361032, 1154407.016036207787693 ], [ 2783159.793507781811059, 1154390.514281093841419 ], [ 2783166.482989969197661, 1154385.401759481756017 ], [ 2783179.178865768015385, 1154401.903528686147183 ], [ 2783172.489389849361032, 1154407.016036207787693 ] ] ] } },
{ "type": "Feature", "properties": { "osm_id": 331000973, "osm_typ": "way", "name": null, "art": "station", "kapazitaet": null, "belegung": null, "osm_typ_2": "way", "name_2": "Corviglia", "landuse": "winter_sports", "matching_id": 30062, "osm_id_2": 909143 }, "geometry": { "type": "Polygon", "coordinates": [ [ [ 2780645.765114536043257, 1155226.689406520221382 ], [ 2780642.618654066696763, 1155219.243604704272002 ], [ 2780664.519796413369477, 1155210.047567731700838 ], [ 2780667.665901971049607, 1155217.504492477979511 ], [ 2780655.001145352609456, 1155222.818407217506319 ], [ 2780645.765114536043257, 1155226.689406520221382 ] ] ] } },
{ "type": "Feature", "properties": { "osm_id": 1004775976, "osm_typ": "way", "name": null, "art": "station", "kapazitaet": null, "belegung": null, "osm_typ_2": "way", "name_2": "Corviglia", "landuse": "winter_sports", "matching_id": 30062, "osm_id_2": 909143 }, "geometry": { "type": "Polygon", "coordinates": [ [ [ 2781315.784680201672018, 1153120.292671875795349 ], [ 2781326.433856265619397, 1153115.008249604608864 ], [ 2781325.453323593828827, 1153113.143652281258255 ], [ 2781337.140244947746396, 1153105.276950606377795 ], [ 2781333.018495814409107, 1153099.091518691042438 ], [ 2781321.234840490855277, 1153106.85522022889927 ], [ 2781320.542426227591932, 1153105.87790634855628 ], [ 2781310.472189874388278, 1153112.592216795077547 ], [ 2781315.784680201672018, 1153120.292671875795349 ] ] ] } },
{ "type": "Feature", "properties": { "osm_id": 1004776654, "osm_typ": "way", "name": null, "art": "station", "kapazitaet": null, "belegung": null, "osm_typ_2": "way", "name_2": "Corviglia", "landuse": "winter_sports", "matching_id": 30062, "osm_id_2": 909143 }, "geometry": { "type": "Polygon", "coordinates": [ [ [ 2780265.609986240509897, 1154267.423734647920355 ], [ 2780272.161475332453847, 1154259.401223081396893 ], [ 2780255.408762156497687, 1154245.809348613023758 ], [ 2780248.857282212004066, 1154253.831878396915272 ], [ 2780265.609986240509897, 1154267.423734647920355 ] ] ] } },
{ "type": "Feature", "properties": { "osm_id": 1004776655, "osm_typ": "way", "name": null, "art": "station", "kapazitaet": null, "belegung": null, "osm_typ_2": "way", "name_2": "Corviglia", "landuse": "winter_sports", "matching_id": 30062, "osm_id_2": 909143 }, "geometry": { "type": "Polygon", "coordinates": [ [ [ 2780233.915285041090101, 1154220.798327746801078 ], [ 2780245.090618071146309, 1154227.839330205926672 ], [ 2780247.401873725932091, 1154227.31912405998446 ], [ 2780249.835997434798628, 1154223.466150934575126 ], [ 2780248.855957135558128, 1154220.812120862537995 ], [ 2780238.162570568267256, 1154214.085827925475314 ], [ 2780233.915285041090101, 1154220.798327746801078 ] ] ] } },
{ "type": "Feature", "properties": { "osm_id": 1004776656, "osm_typ": "way", "name": null, "art": "station", "kapazitaet": null, "belegung": null, "osm_typ_2": "way", "name_2": "Corviglia", "landuse": "winter_sports", "matching_id": 30062, "osm_id_2": 909143 }, "geometry": { "type": "Polygon", "coordinates": [ [ [ 2779360.410638900939375, 1153658.455336604965851 ], [ 2779364.468258406966925, 1153652.159201762871817 ], [ 2779353.131995254196227, 1153644.781458426965401 ], [ 2779350.689194291830063, 1153645.331455817678943 ], [ 2779348.65525586437434, 1153648.651756908511743 ], [ 2779349.409619501791894, 1153651.16544197848998 ], [ 2779360.410638900939375, 1153658.455336604965851 ] ] ] } },
{ "type": "Feature", "properties": { "osm_id": 1004930472, "osm_typ": "way", "name": null, "art": "station", "kapazitaet": null, "belegung": null, "osm_typ_2": "way", "name_2": "Corviglia", "landuse": "winter_sports", "matching_id": 30062, "osm_id_2": 909143 }, "geometry": { "type": "Polygon", "coordinates": [ [ [ 2782928.354404945392162, 1152020.615508930524811 ], [ 2782933.710271995514631, 1152028.374345672782511 ], [ 2782937.099287702236325, 1152026.04170343815349 ], [ 2782936.246614474803209, 1152024.781289148377255 ], [ 2782954.411714068613946, 1152012.654710547067225 ], [ 2782952.19714213302359, 1152009.451102229766548 ], [ 2782949.761810032185167, 1152005.929379623383284 ], [ 2782928.354404945392162, 1152020.615508930524811 ] ] ] } },
{ "type": "Feature", "properties": { "osm_id": 231988703, "osm_typ": "way", "name": null, "art": "station", "kapazitaet": null, "belegung": null, "osm_typ_2": "way", "name_2": "Diavolezza-Lagalb", "landuse": "winter_sports", "matching_id": 30073, "osm_id_2": 909138 }, "geometry": { "type": "Polygon", "coordinates": [ [ [ 2794244.162136438768357, 1143259.301403301535174 ], [ 2794260.855059798341244, 1143253.355061154579744 ], [ 2794256.436700661666691, 1143241.022711411118507 ], [ 2794259.246058340184391, 1143240.023264708695933 ], [ 2794256.457906573545188, 1143232.247953629819676 ], [ 2794246.924599597696215, 1143235.644454353721812 ], [ 2794239.570300870575011, 1143238.265892153140157 ], [ 2794241.137452647089958, 1143242.631815053522587 ], [ 2794238.52237128932029, 1143243.570796632440761 ], [ 2794244.162136438768357, 1143259.301403301535174 ] ] ] } },
{ "type": "Feature", "properties": { "osm_id": 232443730, "osm_typ": "way", "name": null, "art": "station", "kapazitaet": null, "belegung": null, "osm_typ_2": "way", "name_2": "Diavolezza-Lagalb", "landuse": "winter_sports", "matching_id": 30073, "osm_id_2": 909138 }, "geometry": { "type": "Polygon", "coordinates": [ [ [ 2796410.098283482249826, 1146034.398743245517835 ], [ 2796429.264519789256155, 1146028.383483198704198 ], [ 2796425.835519010201097, 1146017.516363315982744 ], [ 2796424.382795366458595, 1146017.969511840492487 ], [ 2796406.669614844955504, 1146023.520523694809526 ], [ 2796410.098283482249826, 1146034.398743245517835 ] ] ] } },
{ "type": "Feature", "properties": { "osm_id": 235705363, "osm_typ": "way", "name": null, "art": "station", "kapazitaet": null, "belegung": null, "osm_typ_2": "way", "name_2": "Diavolezza-Lagalb", "landuse": "winter_sports", "matching_id": 30073, "osm_id_2": 909138 }, "geometry": { "type": "Polygon", "coordinates": [ [ [ 2794672.740795809775591, 1143074.983752400381491 ], [ 2794667.051304159220308, 1143071.541202677180991 ], [ 2794674.52391203539446, 1143060.504546395270154 ], [ 2794675.578033345285803, 1143059.070449790917337 ], [ 2794677.175383983179927, 1143058.443576445337385 ], [ 2794678.970847646705806, 1143058.590537073323503 ], [ 2794680.322814824990928, 1143059.368266684003174 ], [ 2794681.066875723190606, 1143060.626866122474894 ], [ 2794681.032729923725128, 1143062.160634791944176 ], [ 2794680.644556808751076, 1143063.46052522584796 ], [ 2794672.740795809775591, 1143074.983752400381491 ] ] ] } },
{ "type": "Feature", "properties": { "osm_id": 336935180, "osm_typ": "way", "name": "Talstation Seilbahn Diavolezza", "art": "station", "kapazitaet": null, "belegung": null, "osm_typ_2": "way", "name_2": "Diavolezza-Lagalb", "landuse": "winter_sports", "matching_id": 30073, "osm_id_2": 909138 }, "geometry": { "type": "Polygon", "coordinates": [ [ [ 2795528.517783622723073, 1146481.272161479806527 ], [ 2795520.511332598514855, 1146461.20347776520066 ], [ 2795536.827360322698951, 1146454.803778652334586 ], [ 2795539.813055650796741, 1146462.074576345272362 ], [ 2795544.951756900176406, 1146474.553766135359183 ], [ 2795534.985538935754448, 1146478.623628159286454 ], [ 2795528.517783622723073, 1146481.272161479806527 ] ] ] } },
{ "type": "Feature", "properties": { "osm_id": 1004039876, "osm_typ": "way", "name": null, "art": "station", "kapazitaet": null, "belegung": null, "osm_typ_2": "way", "name_2": "Diavolezza-Lagalb", "landuse": "winter_sports", "matching_id": 30073, "osm_id_2": 909138 }, "geometry": { "type": "Polygon", "coordinates": [ [ [ 2798519.061236265581101, 1145332.225056004012004 ], [ 2798522.640253124758601, 1145343.343109496170655 ], [ 2798534.42311515333131, 1145339.582605964969844 ], [ 2798530.844483113382012, 1145328.453435044037178 ], [ 2798521.727372938767076, 1145331.367476263083518 ], [ 2798519.061236265581101, 1145332.225056004012004 ] ] ] } },
{ "type": "Feature", "properties": { "osm_id": 1004245202, "osm_typ": "way", "name": null, "art": "station", "kapazitaet": null, "belegung": null, "osm_typ_2": "way", "name_2": "Diavolezza-Lagalb", "landuse": "winter_sports", "matching_id": 30073, "osm_id_2": 909138 }, "geometry": { "type": "Polygon", "coordinates": [ [ [ 2794169.833782664034516, 1143804.009183171670884 ], [ 2794175.622172924224287, 1143807.710275198565796 ], [ 2794167.755815043114126, 1143819.802543614758179 ], [ 2794165.899054212961346, 1143820.610265373019502 ], [ 2794164.021431684494019, 1143820.394070605514571 ], [ 2794162.710862676613033, 1143819.528808858245611 ], [ 2794161.832967926282436, 1143817.887806582963094 ], [ 2794161.972442888189107, 1143815.9459093445912 ], [ 2794169.833782664034516, 1143804.009183171670884 ] ] ] } },
{ "type": "Feature", "properties": { "osm_id": 276835316, "osm_typ": "way", "name": null, "art": "station", "kapazitaet": null, "belegung": null, "osm_typ_2": "way", "name_2": "Wolzenalp", "landuse": "winter_sports", "matching_id": 30340, "osm_id_2": 909004 }, "geometry": { "type": "Polygon", "coordinates": [ [ [ 2730974.716680467594415, 1234003.101088587893173 ], [ 2730983.81000711210072, 1233998.030543855624273 ], [ 2730985.493283779826015, 1234001.025728129548952 ], [ 2730990.193297809921205, 1233998.40488093579188 ], [ 2730995.118849358521402, 1234007.18753033131361 ], [ 2730981.325524913612753, 1234014.878908430226147 ], [ 2730974.716680467594415, 1234003.101088587893173 ] ] ] } },
{ "type": "Feature", "properties": { "osm_id": 25789997, "osm_typ": "way", "name": "Gare du Châble", "art": "station", "kapazitaet": null, "belegung": null, "osm_typ_2": "way", "name_2": "4 Vallées – Verbier/La Tzoumaz/Nendaz/Veysonnaz/Thyon", "landuse": "winter_sports", "matching_id": null, "osm_id_2": null }, "geometry": { "type": "Polygon", "coordinates": [ [ [ 2582684.762674406170845, 1103070.493569821119308 ], [ 2582687.859532023780048, 1103074.008688154630363 ], [ 2582692.542966999579221, 1103069.64863372198306 ], [ 2582685.588388653006405, 1103061.675654937978834 ], [ 2582688.551745994482189, 1103059.099201540695503 ], [ 2582694.632779240608215, 1103053.801339760655537 ], [ 2582684.433432114310563, 1103042.002396343043074 ], [ 2582676.62827597046271, 1103028.795897466363385 ], [ 2582658.369870496448129, 1103001.634595602052286 ], [ 2582638.644664796069264, 1103015.987346632173285 ], [ 2582644.200621532276273, 1103024.497892899205908 ], [ 2582657.968283039983362, 1103044.990903571713716 ], [ 2582672.151011737063527, 1103061.880941347684711 ], [ 2582674.609427773859352, 1103063.974946285830811 ], [ 2582675.882380191236734, 1103065.438700119499117 ], [ 2582681.773661197628826, 1103072.2141122831963 ], [ 2582684.762674406170845, 1103070.493569821119308 ] ] ] } },
{ "type": "Feature", "properties": { "osm_id": 208241017, "osm_typ": "way", "name": "Attelas", "art": "station", "kapazitaet": null, "belegung": null, "osm_typ_2": "way", "name_2": "4 Vallées – Verbier/La Tzoumaz/Nendaz/Veysonnaz/Thyon", "landuse": "winter_sports", "matching_id": null, "osm_id_2": null }, "geometry": { "type": "Polygon", "coordinates": [ [ [ 2585992.096081513911486, 1104487.328357032965869 ], [ 2586011.593815459404141, 1104500.300743430387229 ], [ 2586014.476510470267385, 1104495.991905402392149 ], [ 2586016.804238198325038, 1104492.506989256478846 ], [ 2585997.30651625758037, 1104479.545702650211751 ], [ 2585995.795805662404746, 1104481.805895063094795 ], [ 2585992.096081513911486, 1104487.328357032965869 ] ] ] } },
{ "type": "Feature", "properties": { "osm_id": 208242431, "osm_typ": "way", "name": "La Chaux", "art": "station", "kapazitaet": null, "belegung": null, "osm_typ_2": "way", "name_2": "4 Vallées – Verbier/La Tzoumaz/Nendaz/Veysonnaz/Thyon", "landuse": "winter_sports", "matching_id": null, "osm_id_2": null }, "geometry": { "type": "Polygon", "coordinates": [ [ [ 2586958.29660291550681, 1103183.320796957938001 ], [ 2586995.840379973407835, 1103190.66568061360158 ], [ 2586997.745766802225262, 1103180.967823456507176 ], [ 2587000.064452837221324, 1103169.201372574316338 ], [ 2586962.528284301515669, 1103161.856445928104222 ], [ 2586960.485139720607549, 1103172.221613338217139 ], [ 2586958.29660291550681, 1103183.320796957938001 ] ] ] } },
{ "type": "Feature", "properties": { "osm_id": 208242432, "osm_typ": "way", "name": "Chaux-Express", "art": "station", "kapazitaet": null, "belegung": null, "osm_typ_2": "way", "name_2": "4 Vallées – Verbier/La Tzoumaz/Nendaz/Veysonnaz/Thyon", "landuse": "winter_sports", "matching_id": null, "osm_id_2": null }, "geometry": { "type": "Polygon", "coordinates": [ [ [ 2586781.827553970739245, 1103267.913823678623885 ], [ 2586788.678425686899573, 1103269.966518289642408 ], [ 2586795.068545191548765, 1103248.841940640704706 ], [ 2586791.755344207398593, 1103247.848693013191223 ], [ 2586788.217627472244203, 1103246.778122146381065 ], [ 2586781.827553970739245, 1103267.913823678623885 ] ] ] } },
{ "type": "Feature", "properties": { "osm_id": 208271231, "osm_typ": "way", "name": "Mayentzet", "art": "station", "kapazitaet": null, "belegung": null, "osm_typ_2": "way", "name_2": "4 Vallées – Verbier/La Tzoumaz/Nendaz/Veysonnaz/Thyon", "landuse": "winter_sports", "matching_id": null, "osm_id_2": null }, "geometry": { "type": "Polygon", "coordinates": [ [ [ 2584706.561736042611301, 1105181.807176325470209 ], [ 2584718.093337769154459, 1105200.453980437014252 ], [ 2584726.0928512387909, 1105195.531272617634386 ], [ 2584740.949181207921356, 1105186.411362107377499 ], [ 2584734.830072509590536, 1105176.510762102436274 ], [ 2584729.409889836795628, 1105167.764533896464854 ], [ 2584706.561736042611301, 1105181.807176325470209 ] ] ] } },
{ "type": "Feature", "properties": { "osm_id": 208449364, "osm_typ": "way", "name": "Lac des Vaux 1", "art": "station", "kapazitaet": null, "belegung": null, "osm_typ_2": "way", "name_2": "4 Vallées – Verbier/La Tzoumaz/Nendaz/Veysonnaz/Thyon", "landuse": "winter_sports", "matching_id": null, "osm_id_2": null }, "geometry": { "type": "Polygon", "coordinates": [ [ [ 2586910.939175521954894, 1105871.568498916458338 ], [ 2586915.183923090808094, 1105871.33695185626857 ], [ 2586919.722463826648891, 1105871.082537032430992 ], [ 2586920.487067569512874, 1105884.910006240941584 ], [ 2586918.983857310842723, 1105887.058783346554264 ], [ 2586916.200348233804107, 1105887.17598989745602 ], [ 2586913.656526956707239, 1105887.281560802599415 ], [ 2586911.663543273694813, 1105884.662354681873694 ], [ 2586910.939175521954894, 1105871.568498916458338 ] ] ] } },
{ "type": "Feature", "properties": { "osm_id": 208449365, "osm_typ": "way", "name": "Chassoure", "art": "station", "kapazitaet": null, "belegung": null, "osm_typ_2": "way", "name_2": "4 Vallées – Verbier/La Tzoumaz/Nendaz/Veysonnaz/Thyon", "landuse": "winter_sports", "matching_id": null, "osm_id_2": null }, "geometry": { "type": "Polygon", "coordinates": [ [ [ 2587693.081355477683246, 1105869.442918321816251 ], [ 2587694.776254219934344, 1105866.360142959281802 ], [ 2587696.817831356544048, 1105862.643010778352618 ], [ 2587684.416190597694367, 1105855.864943823777139 ], [ 2587685.702778319828212, 1105853.527816441375762 ], [ 2587675.522889364976436, 1105847.968061124207452 ], [ 2587685.399537687655538, 1105830.005584033206105 ], [ 2587679.09804211370647, 1105826.561181422322989 ], [ 2587672.386250391602516, 1105822.895291326800361 ], [ 2587656.870306515600532, 1105851.130013011395931 ], [ 2587669.101664266549051, 1105857.808322163298726 ], [ 2587668.74730303324759, 1105858.464930087793618 ], [ 2587679.546475907787681, 1105864.356907779118046 ], [ 2587680.517156534828246, 1105862.576258062385023 ], [ 2587693.081355477683246, 1105869.442918321816251 ] ] ] } },
{ "type": "Feature", "properties": { "osm_id": 208449366, "osm_typ": "way", "name": "Lac des Vaux 1", "art": "station", "kapazitaet": null, "belegung": null, "osm_typ_2": "way", "name_2": "4 Vallées – Verbier/La Tzoumaz/Nendaz/Veysonnaz/Thyon", "landuse": "winter_sports", "matching_id": null, "osm_id_2": null }, "geometry": { "type": "Polygon", "coordinates": [ [ [ 2586879.258361948654056, 1105327.887933808611706 ], [ 2586883.905768604017794, 1105327.722189393825829 ], [ 2586887.934531401377171, 1105327.568910470698029 ], [ 2586887.997505614068359, 1105320.965473286574706 ], [ 2586894.005989532452077, 1105320.796777009963989 ], [ 2586893.839119869749993, 1105315.183222834020853 ], [ 2586888.055067310575396, 1105315.429247894557193 ], [ 2586887.981018984690309, 1105313.383942157728598 ], [ 2586885.611464109271765, 1105311.943928668973967 ], [ 2586883.484955699183047, 1105312.026370801962912 ], [ 2586879.835117960348725, 1105312.178828137926757 ], [ 2586878.919152481015772, 1105314.159588038455695 ], [ 2586874.589118320960552, 1105314.469162065768614 ], [ 2586874.524343715980649, 1105320.23885333375074 ], [ 2586879.241525711957365, 1105320.150770139880478 ], [ 2586879.258361948654056, 1105327.887933808611706 ] ] ] } },
{ "type": "Feature", "properties": { "osm_id": 208449370, "osm_typ": "way", "name": "Jumbo", "art": "station", "kapazitaet": null, "belegung": null, "osm_typ_2": "way", "name_2": "4 Vallées – Verbier/La Tzoumaz/Nendaz/Veysonnaz/Thyon", "landuse": "winter_sports", "matching_id": null, "osm_id_2": null }, "geometry": { "type": "Polygon", "coordinates": [ [ [ 2589336.485325661487877, 1103701.962356673553586 ], [ 2589360.589958154596388, 1103706.888886098284274 ], [ 2589364.071984360925853, 1103689.974278732668608 ], [ 2589359.204604059457779, 1103688.971257768338546 ], [ 2589339.967287534382194, 1103685.047735397238284 ], [ 2589338.387361220549792, 1103692.721035360824317 ], [ 2589336.485325661487877, 1103701.962356673553586 ] ] ] } },
{ "type": "Feature", "properties": { "osm_id": 208449375, "osm_typ": "way", "name": "Mont-Gelé", "art": "station", "kapazitaet": null, "belegung": null, "osm_typ_2": "way", "name_2": "4 Vallées – Verbier/La Tzoumaz/Nendaz/Veysonnaz/Thyon", "landuse": "winter_sports", "matching_id": null, "osm_id_2": null }, "geometry": { "type": "Polygon", "coordinates": [ [ [ 2587631.032940631266683, 1105005.827433792408556 ], [ 2587633.272215094417334, 1105011.647972833132371 ], [ 2587634.555126077029854, 1105014.98034106194973 ], [ 2587649.137350790668279, 1105009.403228905983269 ], [ 2587648.460937526542693, 1105007.659298180602491 ], [ 2587648.142144882120192, 1105006.826201398624107 ], [ 2587650.746373216155916, 1105005.820365652441978 ], [ 2587648.227194246836007, 1104999.266693681944162 ], [ 2587631.032940631266683, 1105005.827433792408556 ] ] ] } },
{ "type": "Feature", "properties": { "osm_id": 208449383, "osm_typ": "way", "name": "Tortin", "art": "station", "kapazitaet": null, "belegung": null, "osm_typ_2": "way", "name_2": "4 Vallées – Verbier/La Tzoumaz/Nendaz/Veysonnaz/Thyon", "landuse": "winter_sports", "matching_id": null, "osm_id_2": null }, "geometry": { "type": "Polygon", "coordinates": [ [ [ 2589595.040795873850584, 1106864.821864395402372 ], [ 2589596.612333345692605, 1106892.855326410382986 ], [ 2589620.36856945976615, 1106891.524785687681288 ], [ 2589618.797160724643618, 1106863.502434096997604 ], [ 2589606.582690201699734, 1106864.179393193218857 ], [ 2589595.040795873850584, 1106864.821864395402372 ] ] ] } },
{ "type": "Feature", "properties": { "osm_id": 208449393, "osm_typ": "way", "name": "Mont-Gelé", "art": "station", "kapazitaet": null, "belegung": null, "osm_typ_2": "way", "name_2": "4 Vallées – Verbier/La Tzoumaz/Nendaz/Veysonnaz/Thyon", "landuse": "winter_sports", "matching_id": null, "osm_id_2": null }, "geometry": { "type": "Polygon", "coordinates": [ [ [ 2586845.615548477973789, 1105312.531300487229601 ], [ 2586842.059249528218061, 1105302.389542503049597 ], [ 2586862.347106790170074, 1105296.709154961863533 ], [ 2586862.915810281410813, 1105298.619982690084726 ], [ 2586865.354280878789723, 1105306.841004295507446 ], [ 2586852.037981586996466, 1105310.683042818447575 ], [ 2586845.615548477973789, 1105312.531300487229601 ] ] ] } },
{ "type": "Feature", "properties": { "osm_id": 208449395, "osm_typ": "way", "name": "Mont-Fort", "art": "station", "kapazitaet": null, "belegung": null, "osm_typ_2": "way", "name_2": "4 Vallées – Verbier/La Tzoumaz/Nendaz/Veysonnaz/Thyon", "landuse": "winter_sports", "matching_id": null, "osm_id_2": null }, "geometry": { "type": "Polygon", "coordinates": [ [ [ 2590695.895202232524753, 1103170.032261318992823 ], [ 2590701.254018059000373, 1103183.552969933254644 ], [ 2590699.76958235213533, 1103184.133330606622621 ], [ 2590685.652088352013379, 1103189.713498981203884 ], [ 2590682.717300324700773, 1103182.903521334985271 ], [ 2590680.069791440851986, 1103176.771217219531536 ], [ 2590683.742028482723981, 1103175.209197560325265 ], [ 2590695.895202232524753, 1103170.032261318992823 ] ] ] } },
{ "type": "Feature", "properties": { "osm_id": 208449401, "osm_typ": "way", "name": "Tortin", "art": "station", "kapazitaet": null, "belegung": null, "osm_typ_2": "way", "name_2": "4 Vallées – Verbier/La Tzoumaz/Nendaz/Veysonnaz/Thyon", "landuse": "winter_sports", "matching_id": null, "osm_id_2": null }, "geometry": { "type": "Polygon", "coordinates": [ [ [ 2589618.820755426771939, 1106930.980426075868309 ], [ 2589627.079278928693384, 1106927.342163105728105 ], [ 2589638.180793938226998, 1106922.453952664276585 ], [ 2589638.171972226817161, 1106917.329194805352017 ], [ 2589630.56048292061314, 1106901.634483314817771 ], [ 2589626.472719292156398, 1106898.384349597385153 ], [ 2589616.576319526415318, 1106902.725787041243166 ], [ 2589606.757189727388322, 1106907.033757308963686 ], [ 2589607.346271754708141, 1106912.379846263676882 ], [ 2589614.966133673675358, 1106928.419130094349384 ], [ 2589618.820755426771939, 1106930.980426075868309 ] ] ] } },
{ "type": "Feature", "properties": { "osm_id": 208621262, "osm_typ": "way", "name": null, "art": "station", "kapazitaet": null, "belegung": null, "osm_typ_2": "way", "name_2": "4 Vallées – Verbier/La Tzoumaz/Nendaz/Veysonnaz/Thyon", "landuse": "winter_sports", "matching_id": null, "osm_id_2": null }, "geometry": { "type": "Polygon", "coordinates": [ [ [ 2583014.207916680723429, 1107928.060112681938335 ], [ 2583016.067659827880561, 1107932.412610513856634 ], [ 2583023.981747119687498, 1107929.122042727423832 ], [ 2583026.152372586075217, 1107934.073968935059384 ], [ 2583044.1410057018511, 1107926.074982916470617 ], [ 2583038.2208257666789, 1107912.707157045369968 ], [ 2583038.990063302218914, 1107908.614062594249845 ], [ 2583042.710284342058003, 1107909.337307311827317 ], [ 2583043.385140255093575, 1107904.666412110906094 ], [ 2583040.87903680279851, 1107904.117621393408626 ], [ 2583042.273989842273295, 1107897.121319589670748 ], [ 2583040.479737519286573, 1107896.815095298923552 ], [ 2583042.16721673682332, 1107889.384421429829672 ], [ 2583045.035873804241419, 1107875.902963891625404 ], [ 2583012.17602217849344, 1107870.792778382077813 ], [ 2583011.424730331171304, 1107875.764042343012989 ], [ 2583003.597388966474682, 1107874.196399803040549 ], [ 2583000.050130043178797, 1107899.207769740372896 ], [ 2583004.729641882237047, 1107900.195088797947392 ], [ 2583004.35644125007093, 1107902.174906085245311 ], [ 2583015.642027391586453, 1107904.777781676268205 ], [ 2583018.807684084400535, 1107911.70567114232108 ], [ 2583013.480109195690602, 1107913.910648018587381 ], [ 2583018.786040967330337, 1107925.990645298967138 ], [ 2583014.207916680723429, 1107928.060112681938335 ] ] ] } },
{ "type": "Feature", "properties": { "osm_id": 208621309, "osm_typ": "way", "name": "Taillay", "art": "station", "kapazitaet": null, "belegung": null, "osm_typ_2": "way", "name_2": "4 Vallées – Verbier/La Tzoumaz/Nendaz/Veysonnaz/Thyon", "landuse": "winter_sports", "matching_id": null, "osm_id_2": null }, "geometry": { "type": "Polygon", "coordinates": [ [ [ 2583604.119299413170666, 1107972.429114810423926 ], [ 2583607.514389588031918, 1107970.174324413994327 ], [ 2583610.539137515705079, 1107968.176225091097876 ], [ 2583605.036134558264166, 1107959.931496833451092 ], [ 2583609.519198974594474, 1107956.951168392086402 ], [ 2583604.295642983634025, 1107949.139231372624636 ], [ 2583597.034759873524308, 1107953.961363818496466 ], [ 2583593.392727650236338, 1107956.372464824002236 ], [ 2583604.119299413170666, 1107972.429114810423926 ] ] ] } },
{ "type": "Feature", "properties": { "osm_id": 208621313, "osm_typ": "way", "name": "Savoleyres", "art": "station", "kapazitaet": null, "belegung": null, "osm_typ_2": "way", "name_2": "4 Vallées – Verbier/La Tzoumaz/Nendaz/Veysonnaz/Thyon", "landuse": "winter_sports", "matching_id": null, "osm_id_2": null }, "geometry": { "type": "Polygon", "coordinates": [ [ [ 2582983.263836608268321, 1107936.1068230336532 ], [ 2582987.580470916349441, 1107934.516085972543806 ], [ 2582991.557362149469554, 1107933.059709509834647 ], [ 2582984.009832419455051, 1107915.561124155297875 ], [ 2582976.265245510730892, 1107918.651166059309617 ], [ 2582983.263836608268321, 1107936.1068230336532 ] ] ] } },
{ "type": "Feature", "properties": { "osm_id": 213213220, "osm_typ": "way", "name": null, "art": "station", "kapazitaet": null, "belegung": null, "osm_typ_2": "way", "name_2": "4 Vallées – Verbier/La Tzoumaz/Nendaz/Veysonnaz/Thyon", "landuse": "winter_sports", "matching_id": null, "osm_id_2": null }, "geometry": { "type": "Polygon", "coordinates": [ [ [ 2584112.266595558729023, 1110401.035688202362508 ], [ 2584112.85539076756686, 1110401.623318927362561 ], [ 2584113.690303904004395, 1110401.776752358768135 ], [ 2584114.423742613289505, 1110401.541370795574039 ], [ 2584114.986282220575958, 1110400.961823638994247 ], [ 2584115.301298154052347, 1110400.2828787737526 ], [ 2584115.035421603359282, 1110399.082981947576627 ], [ 2584123.125645123887807, 1110396.19358317553997 ], [ 2584126.711625270079821, 1110393.516149271512404 ], [ 2584125.599510293919593, 1110390.79549978626892 ], [ 2584129.237684485968202, 1110384.46055524260737 ], [ 2584129.274739144835621, 1110383.860159132629633 ], [ 2584129.22703191684559, 1110383.348919220734388 ], [ 2584128.993644906207919, 1110382.74923486309126 ], [ 2584128.459581459872425, 1110382.406024602008983 ], [ 2584127.671583400573581, 1110382.463681816821918 ], [ 2584126.035586359910667, 1110383.26838621054776 ], [ 2584120.626983467489481, 1110371.632386473705992 ], [ 2584125.597998370882124, 1110369.673886606702581 ], [ 2584127.299791553989053, 1110373.315665174974129 ], [ 2584128.858785591088235, 1110372.611213557422161 ], [ 2584126.687701113522053, 1110366.814041511155665 ], [ 2584117.42001921730116, 1110371.529665568377823 ], [ 2584113.137417776975781, 1110362.025101902894676 ], [ 2584101.630220170132816, 1110367.23578265751712 ], [ 2584109.729393244720995, 1110385.323443481465802 ], [ 2584106.086544002406299, 1110386.944956481922418 ], [ 2584112.266595558729023, 1110401.035688202362508 ] ] ] } },
{ "type": "Feature", "properties": { "osm_id": 213215498, "osm_typ": "way", "name": "Taillay", "art": "station", "kapazitaet": null, "belegung": null, "osm_typ_2": "way", "name_2": "4 Vallées – Verbier/La Tzoumaz/Nendaz/Veysonnaz/Thyon", "landuse": "winter_sports", "matching_id": null, "osm_id_2": null }, "geometry": { "type": "Polygon", "coordinates": [ [ [ 2584344.874814953655005, 1109086.91800935100764 ], [ 2584355.125129642896354, 1109102.654819510877132 ], [ 2584357.663580396212637, 1109101.014088026480749 ], [ 2584361.30536926118657, 1109098.659031090326607 ], [ 2584359.474110781215131, 1109095.840150984702632 ], [ 2584362.907578489277512, 1109093.619035031180829 ], [ 2584360.765966444741935, 1109090.334059936692938 ], [ 2584357.710591183044016, 1109092.320746870012954 ], [ 2584351.433128994423896, 1109082.676663235994056 ], [ 2584347.945645878091455, 1109084.931275825481862 ], [ 2584344.874814953655005, 1109086.91800935100764 ] ] ] } },
{ "type": "Feature", "properties": { "osm_id": 242142427, "osm_typ": "way", "name": "Thyon", "art": "station", "kapazitaet": null, "belegung": null, "osm_typ_2": "way", "name_2": "4 Vallées – Verbier/La Tzoumaz/Nendaz/Veysonnaz/Thyon", "landuse": "winter_sports", "matching_id": null, "osm_id_2": null }, "geometry": { "type": "Polygon", "coordinates": [ [ [ 2594441.736493162345141, 1114297.715204457053915 ], [ 2594451.149420503061265, 1114297.617525326320902 ], [ 2594451.34438358573243, 1114316.315434945747256 ], [ 2594471.112241027876735, 1114316.108133031520993 ], [ 2594470.637986148707569, 1114270.89743334101513 ], [ 2594460.800309975631535, 1114270.995475774863735 ], [ 2594452.151813680306077, 1114271.09243022906594 ], [ 2594452.126305429730564, 1114268.568989784922451 ], [ 2594433.516575222834945, 1114268.764158268226311 ], [ 2594433.601735485251993, 1114277.290497391019017 ], [ 2594433.669526033569127, 1114283.749168401118368 ], [ 2594433.70306408405304, 1114286.59498215210624 ], [ 2594433.720060860738158, 1114288.262453618459404 ], [ 2594433.736871278844774, 1114289.729826781898737 ], [ 2594433.787934003397822, 1114294.810057176044211 ], [ 2594436.722230672370642, 1114294.773975464515388 ], [ 2594437.378593453671783, 1114294.773364555323496 ], [ 2594437.412264208309352, 1114297.763693748507649 ], [ 2594441.736493162345141, 1114297.715204457053915 ] ] ] } },
{ "type": "Feature", "properties": { "osm_id": 242142429, "osm_typ": "way", "name": "Thyon", "art": "station", "kapazitaet": null, "belegung": null, "osm_typ_2": "way", "name_2": "4 Vallées – Verbier/La Tzoumaz/Nendaz/Veysonnaz/Thyon", "landuse": "winter_sports", "matching_id": null, "osm_id_2": null }, "geometry": { "type": "Polygon", "coordinates": [ [ [ 2594400.109259183518589, 1114324.178175015607849 ], [ 2594421.719096585176885, 1114303.647874805610627 ], [ 2594418.905043519102037, 1114300.137661885470152 ], [ 2594415.086899637244642, 1114296.372706995578483 ], [ 2594405.805667929816991, 1114305.174602595390752 ], [ 2594393.910464396234602, 1114317.94758315756917 ], [ 2594395.510677041020244, 1114319.847018057480454 ], [ 2594400.109259183518589, 1114324.178175015607849 ] ] ] } },
{ "type": "Feature", "properties": { "osm_id": 242142432, "osm_typ": "way", "name": "Veysonnaz (télécabine)", "art": "station", "kapazitaet": null, "belegung": null, "osm_typ_2": "way", "name_2": "4 Vallées – Verbier/La Tzoumaz/Nendaz/Veysonnaz/Thyon", "landuse": "winter_sports", "matching_id": null, "osm_id_2": null }, "geometry": { "type": "Polygon", "coordinates": [ [ [ 2592612.498855959158391, 1116008.433446457376704 ], [ 2592606.454061451833695, 1116014.499433492543176 ], [ 2592603.972917173523456, 1116011.979031757917255 ], [ 2592589.778013996779919, 1116025.836700485553592 ], [ 2592591.061285358387977, 1116027.291385612683371 ], [ 2592588.432096072938293, 1116029.907031279988587 ], [ 2592596.099913017824292, 1116037.890373052796349 ], [ 2592599.204574142117053, 1116038.975963365053758 ], [ 2592602.539837014861405, 1116039.26087721879594 ], [ 2592605.54265922261402, 1116039.146006286842749 ], [ 2592608.420252920594066, 1116037.641719308216125 ], [ 2592619.523140061181039, 1116026.689327192958444 ], [ 2592616.299695366993546, 1116023.180459253489971 ], [ 2592613.888049864210188, 1116020.671084437519312 ], [ 2592619.123301569372416, 1116015.439844848355278 ], [ 2592615.876787357032299, 1116012.008821545401588 ], [ 2592612.498855959158391, 1116008.433446457376704 ] ] ] } },
{ "type": "Feature", "properties": { "osm_id": 243692629, "osm_typ": "way", "name": "Tortin", "art": "station", "kapazitaet": null, "belegung": null, "osm_typ_2": "way", "name_2": "4 Vallées – Verbier/La Tzoumaz/Nendaz/Veysonnaz/Thyon", "landuse": "winter_sports", "matching_id": null, "osm_id_2": null }, "geometry": { "type": "Polygon", "coordinates": [ [ [ 2590508.322811196558177, 1109275.365728937555104 ], [ 2590496.742226556874812, 1109278.018659060122445 ], [ 2590490.971250020433217, 1109279.339543570531532 ], [ 2590497.401213019620627, 1109308.67726611578837 ], [ 2590515.131678122095764, 1109304.891854784451425 ], [ 2590513.474190218839794, 1109297.690897238440812 ], [ 2590508.322811196558177, 1109275.365728937555104 ] ] ] } },
{ "type": "Feature", "properties": { "osm_id": 247397519, "osm_typ": "way", "name": "Tracouet", "art": "station", "kapazitaet": null, "belegung": null, "osm_typ_2": "way", "name_2": "4 Vallées – Verbier/La Tzoumaz/Nendaz/Veysonnaz/Thyon", "landuse": "winter_sports", "matching_id": null, "osm_id_2": null }, "geometry": { "type": "Polygon", "coordinates": [ [ [ 2588607.582640943583101, 1114274.091972103575245 ], [ 2588612.390443418174982, 1114272.515429238555953 ], [ 2588617.445455812383443, 1114270.994005433516577 ], [ 2588619.714837139938027, 1114278.693513781065121 ], [ 2588620.554168251343071, 1114281.526658318005502 ], [ 2588621.642219269648194, 1114285.215310503728688 ], [ 2588623.664250031579286, 1114284.622306748991832 ], [ 2588626.657578382641077, 1114295.399745989358053 ], [ 2588629.746575191617012, 1114295.516189394053072 ], [ 2588632.320367283653468, 1114296.778617376461625 ], [ 2588634.88983862940222, 1114299.841943316860124 ], [ 2588635.804467806592584, 1114301.66333734523505 ], [ 2588636.179235133808106, 1114303.84148238459602 ], [ 2588635.597137516830117, 1114306.36604947806336 ], [ 2588634.512361004948616, 1114308.491368814371526 ], [ 2588632.75477214762941, 1114310.084362979047 ], [ 2588631.088649452663958, 1114311.0435387827456 ], [ 2588629.066857937723398, 1114311.758822173113003 ], [ 2588626.093928998336196, 1114311.764442253857851 ], [ 2588624.069783915765584, 1114311.234672920545563 ], [ 2588622.044292871840298, 1114309.993444613181055 ], [ 2588620.611494584940374, 1114307.75060211145319 ], [ 2588612.167104593012482, 1114309.545236642938107 ], [ 2588610.68342521879822, 1114304.90130786690861 ], [ 2588606.005048065911978, 1114289.18018205743283 ], [ 2588611.654990838840604, 1114287.846608803141862 ], [ 2588607.582640943583101, 1114274.091972103575245 ] ] ] } },
{ "type": "Feature", "properties": { "osm_id": 255543777, "osm_typ": "way", "name": "Châble - Mayens de Bruson", "art": "station", "kapazitaet": null, "belegung": null, "osm_typ_2": "way", "name_2": "4 Vallées – Verbier/La Tzoumaz/Nendaz/Veysonnaz/Thyon", "landuse": "winter_sports", "matching_id": null, "osm_id_2": null }, "geometry": { "type": "Polygon", "coordinates": [ [ [ 2581255.84232967486605, 1101011.839229770703241 ], [ 2581243.762048824224621, 1100994.445670827524737 ], [ 2581243.326705004554242, 1100993.81336811860092 ], [ 2581241.873047664295882, 1100991.727933896472678 ], [ 2581235.100473639555275, 1100996.395752067444846 ], [ 2581249.062063133344054, 1101016.51817290391773 ], [ 2581252.537132848985493, 1101014.117294888244942 ], [ 2581255.84232967486605, 1101011.839229770703241 ] ] ] } },
{ "type": "Feature", "properties": { "osm_id": 263316054, "osm_typ": "way", "name": "Tracouet", "art": "station", "kapazitaet": null, "belegung": null, "osm_typ_2": "way", "name_2": "4 Vallées – Verbier/La Tzoumaz/Nendaz/Veysonnaz/Thyon", "landuse": "winter_sports", "matching_id": null, "osm_id_2": null }, "geometry": { "type": "Polygon", "coordinates": [ [ [ 2587984.442538249772042, 1112204.169297782704234 ], [ 2587990.209984246641397, 1112202.745979152619839 ], [ 2587998.285975828766823, 1112200.762232474982738 ], [ 2587994.16652504960075, 1112184.151111601851881 ], [ 2587985.835733789019287, 1112186.202071933308616 ], [ 2587980.323051759041846, 1112187.558186360402033 ], [ 2587984.442538249772042, 1112204.169297782704234 ] ] ] } },
{ "type": "Feature", "properties": { "osm_id": 264052895, "osm_typ": "way", "name": "Prarion", "art": "station", "kapazitaet": null, "belegung": null, "osm_typ_2": "way", "name_2": "4 Vallées – Verbier/La Tzoumaz/Nendaz/Veysonnaz/Thyon", "landuse": "winter_sports", "matching_id": null, "osm_id_2": null }, "geometry": { "type": "Polygon", "coordinates": [ [ [ 2587631.061374662909657, 1110859.896473249420524 ], [ 2587638.991945836227387, 1110857.768031836021692 ], [ 2587647.3781235544011, 1110855.516383415088058 ], [ 2587643.859126318246126, 1110842.506037759594619 ], [ 2587635.125430251006037, 1110844.84733752021566 ], [ 2587627.54234486585483, 1110846.886137106921524 ], [ 2587631.061374662909657, 1110859.896473249420524 ] ] ] } },
{ "type": "Feature", "properties": { "osm_id": 980187366, "osm_typ": "way", "name": null, "art": "station", "kapazitaet": null, "belegung": null, "osm_typ_2": "way", "name_2": "4 Vallées – Verbier/La Tzoumaz/Nendaz/Veysonnaz/Thyon", "landuse": "winter_sports", "matching_id": null, "osm_id_2": null }, "geometry": { "type": "Polygon", "coordinates": [ [ [ 2584023.830654161050916, 1105511.217788400826976 ], [ 2584024.659975409507751, 1105509.003374218707904 ], [ 2584035.125507233198732, 1105512.888752065831795 ], [ 2584034.296182704623789, 1105515.103164813714102 ], [ 2584023.830654161050916, 1105511.217788400826976 ] ] ] } },
{ "type": "Feature", "properties": { "osm_id": 983851327, "osm_typ": "way", "name": "Siviez", "art": "station", "kapazitaet": null, "belegung": null, "osm_typ_2": "way", "name_2": "4 Vallées – Verbier/La Tzoumaz/Nendaz/Veysonnaz/Thyon", "landuse": "winter_sports", "matching_id": null, "osm_id_2": null }, "geometry": { "type": "Polygon", "coordinates": [ [ [ 2590504.156748545356095, 1109323.996418442809954 ], [ 2590502.782719857990742, 1109320.118886744836345 ], [ 2590501.245640764944255, 1109315.763598086312413 ], [ 2590524.573863913305104, 1109308.656620848691091 ], [ 2590526.974422555882484, 1109316.601224479964003 ], [ 2590504.156748545356095, 1109323.996418442809954 ] ] ] } },
{ "type": "Feature", "properties": { "osm_id": 991424152, "osm_typ": "way", "name": "Chaux 2", "art": "station", "kapazitaet": null, "belegung": null, "osm_typ_2": "way", "name_2": "4 Vallées – Verbier/La Tzoumaz/Nendaz/Veysonnaz/Thyon", "landuse": "winter_sports", "matching_id": null, "osm_id_2": null }, "geometry": { "type": "Polygon", "coordinates": [ [ [ 2586992.104741329327226, 1104306.466036624042317 ], [ 2586996.342949279583991, 1104306.279029280180112 ], [ 2587001.014346172567457, 1104306.113324468024075 ], [ 2587000.164337974507362, 1104284.960123629076406 ], [ 2586995.825540154706687, 1104285.136228510178626 ], [ 2586991.246967407409102, 1104285.312853725161403 ], [ 2586992.104741329327226, 1104306.466036624042317 ] ] ] } },
{ "type": "Feature", "properties": { "osm_id": 991424153, "osm_typ": "way", "name": "Chaux 2", "art": "station", "kapazitaet": null, "belegung": null, "osm_typ_2": "way", "name_2": "4 Vallées – Verbier/La Tzoumaz/Nendaz/Veysonnaz/Thyon", "landuse": "winter_sports", "matching_id": null, "osm_id_2": null }, "geometry": { "type": "Polygon", "coordinates": [ [ [ 2586959.82253976771608, 1103219.991441757185385 ], [ 2586964.68048579338938, 1103219.847540660528466 ], [ 2586968.664283281657845, 1103219.716648699482903 ], [ 2586967.841345417778939, 1103193.305183206684887 ], [ 2586958.991827351506799, 1103193.579994192579761 ], [ 2586959.116425029933453, 1103197.53726469934918 ], [ 2586959.82253976771608, 1103219.991441757185385 ] ] ] } },
{ "type": "Feature", "properties": { "osm_id": 1007832285, "osm_typ": "way", "name": "Prarion", "art": "station", "kapazitaet": null, "belegung": null, "osm_typ_2": "way", "name_2": "4 Vallées – Verbier/La Tzoumaz/Nendaz/Veysonnaz/Thyon", "landuse": "winter_sports", "matching_id": null, "osm_id_2": null }, "geometry": { "type": "Polygon", "coordinates": [ [ [ 2587669.776627792511135, 1110855.448248310247436 ], [ 2587682.534467384684831, 1110844.928049004171044 ], [ 2587676.857065382879227, 1110838.091824725968763 ], [ 2587691.666728933341801, 1110825.888836372178048 ], [ 2587689.195936172269285, 1110822.914632027735934 ], [ 2587685.578800091985613, 1110818.553194881649688 ], [ 2587668.177430561743677, 1110832.884779606945813 ], [ 2587670.679225958883762, 1110835.903378387447447 ], [ 2587665.117902378551662, 1110840.483698544092476 ], [ 2587667.023312720935792, 1110842.792053540470079 ], [ 2587664.169379676226526, 1110845.143506171414629 ], [ 2587667.647100349888206, 1110849.338466623099521 ], [ 2587665.903891379479319, 1110850.77608093409799 ], [ 2587669.776627792511135, 1110855.448248310247436 ] ] ] } },
{ "type": "Feature", "properties": { "osm_id": 1016992429, "osm_typ": "way", "name": "Chaux-Express", "art": "station", "kapazitaet": null, "belegung": null, "osm_typ_2": "way", "name_2": "4 Vallées – Verbier/La Tzoumaz/Nendaz/Veysonnaz/Thyon", "landuse": "winter_sports", "matching_id": null, "osm_id_2": null }, "geometry": { "type": "Polygon", "coordinates": [ [ [ 2585693.606169825885445, 1104434.579815376084298 ], [ 2585694.857011013664305, 1104436.933585511054844 ], [ 2585696.06125982478261, 1104439.209649604512379 ], [ 2585697.288816599640995, 1104441.530125390039757 ], [ 2585718.061080517712981, 1104430.597688206238672 ], [ 2585716.328549892641604, 1104427.333485949551687 ], [ 2585714.378451002761722, 1104423.647365519078448 ], [ 2585693.606169825885445, 1104434.579815376084298 ] ] ] } },
{ "type": "Feature", "properties": { "osm_id": 1032003763, "osm_typ": "way", "name": "Hérémence Les Masses", "art": "station", "kapazitaet": null, "belegung": null, "osm_typ_2": "way", "name_2": "4 Vallées – Verbier/La Tzoumaz/Nendaz/Veysonnaz/Thyon", "landuse": "winter_sports", "matching_id": null, "osm_id_2": null }, "geometry": { "type": "Polygon", "coordinates": [ [ [ 2596595.36932680895552, 1114025.695780792273581 ], [ 2596607.934840265195817, 1114028.134226534049958 ], [ 2596616.553835027385503, 1114029.807905261870474 ], [ 2596618.263172162696719, 1114021.03594798501581 ], [ 2596603.990836047101766, 1114018.264960745815188 ], [ 2596597.078634419478476, 1114016.923817523987964 ], [ 2596595.36932680895552, 1114025.695780792273581 ] ] ] } },
{ "type": "Feature", "properties": { "osm_id": 1357862811, "osm_typ": "way", "name": null, "art": "station", "kapazitaet": null, "belegung": null, "osm_typ_2": "way", "name_2": "4 Vallées – Verbier/La Tzoumaz/Nendaz/Veysonnaz/Thyon", "landuse": "winter_sports", "matching_id": null, "osm_id_2": null }, "geometry": { "type": "Polygon", "coordinates": [ [ [ 2585183.658050290774554, 1100704.813048172974959 ], [ 2585187.388472063466907, 1100701.691215025726706 ], [ 2585191.149800180457532, 1100698.547074946109205 ], [ 2585185.646601135842502, 1100692.012829149141908 ], [ 2585178.154848811682314, 1100698.278809204697609 ], [ 2585183.658050290774554, 1100704.813048172974959 ] ] ] } },
{ "type": "Feature", "properties": { "osm_id": 1357862812, "osm_typ": "way", "name": null, "art": "station", "kapazitaet": null, "belegung": null, "osm_typ_2": "way", "name_2": "4 Vallées – Verbier/La Tzoumaz/Nendaz/Veysonnaz/Thyon", "landuse": "winter_sports", "matching_id": null, "osm_id_2": null }, "geometry": { "type": "Polygon", "coordinates": [ [ [ 2585402.463064861018211, 1101130.361438665306196 ], [ 2585414.636623312719166, 1101124.162241343175992 ], [ 2585410.756709745153785, 1101116.601136311888695 ], [ 2585404.403244979679585, 1101119.829222732456401 ], [ 2585398.583140030503273, 1101122.800341460620984 ], [ 2585402.463064861018211, 1101130.361438665306196 ] ] ] } },
{ "type": "Feature", "properties": { "osm_id": 1455909804, "osm_typ": "way", "name": "Plan-du-Fou", "art": "station", "kapazitaet": null, "belegung": null, "osm_typ_2": "way", "name_2": "4 Vallées – Verbier/La Tzoumaz/Nendaz/Veysonnaz/Thyon", "landuse": "winter_sports", "matching_id": null, "osm_id_2": null }, "geometry": { "type": "Polygon", "coordinates": [ [ [ 2588870.430734829045832, 1109855.447748933918774 ], [ 2588869.217832454480231, 1109851.448006692575291 ], [ 2588868.09050758741796, 1109847.75937191513367 ], [ 2588843.074759391602129, 1109855.309407930122688 ], [ 2588841.607343860436231, 1109855.75679291295819 ], [ 2588819.780797155108303, 1109874.51768876076676 ], [ 2588822.42156948056072, 1109877.569856425980106 ], [ 2588824.868737753480673, 1109880.400052161188796 ], [ 2588844.928446536418051, 1109863.143193046329543 ], [ 2588870.430734829045832, 1109855.447748933918774 ] ] ] } },
{ "type": "Feature", "properties": { "osm_id": 1457384486, "osm_typ": "way", "name": "Pasay", "art": "station", "kapazitaet": null, "belegung": null, "osm_typ_2": "way", "name_2": "4 Vallées – Verbier/La Tzoumaz/Nendaz/Veysonnaz/Thyon", "landuse": "winter_sports", "matching_id": null, "osm_id_2": null }, "geometry": { "type": "Polygon", "coordinates": [ [ [ 2581392.988788966555148, 1100772.094405907671899 ], [ 2581395.246679720003158, 1100768.941419248469174 ], [ 2581397.142405708320439, 1100766.300917932530865 ], [ 2581377.129443142563105, 1100751.466126843821257 ], [ 2581374.73279799381271, 1100754.79741564206779 ], [ 2581372.868206150829792, 1100757.493411720264703 ], [ 2581392.988788966555148, 1100772.094405907671899 ] ] ] } },
{ "type": "Feature", "properties": { "osm_id": 1462416346, "osm_typ": "way", "name": "Savoleyres", "art": "station", "kapazitaet": null, "belegung": null, "osm_typ_2": "way", "name_2": "4 Vallées – Verbier/La Tzoumaz/Nendaz/Veysonnaz/Thyon", "landuse": "winter_sports", "matching_id": null, "osm_id_2": null }, "geometry": { "type": "Polygon", "coordinates": [ [ [ 2583028.081247519701719, 1107957.513587601017207 ], [ 2583016.910608590114862, 1107932.5436381038744 ], [ 2583023.758639387786388, 1107929.500636939425021 ], [ 2583026.014514092355967, 1107934.53013991820626 ], [ 2583026.894642924889922, 1107934.138581119477749 ], [ 2583035.809382105711848, 1107954.079041608609259 ], [ 2583032.119004305452108, 1107955.712450008839369 ], [ 2583028.081247519701719, 1107957.513587601017207 ] ] ] } },
{ "type": "Feature", "properties": { "osm_id": 15729814, "osm_typ": "relation", "name": null, "art": "station", "kapazitaet": null, "belegung": null, "osm_typ_2": "way", "name_2": "4 Vallées – Verbier/La Tzoumaz/Nendaz/Veysonnaz/Thyon", "landuse": "winter_sports", "matching_id": null, "osm_id_2": null }, "geometry": { "type": "MultiPolygon", "coordinates": [ [ [ [ 2584137.552738095633686, 1104686.538107875036076 ], [ 2584137.642743593081832, 1104685.470669631613418 ], [ 2584155.582119313068688, 1104669.204309364082292 ], [ 2584159.3181430734694, 1104669.35013701650314 ], [ 2584165.901178568601608, 1104663.907922100974247 ], [ 2584177.094792360439897, 1104661.777514842571691 ], [ 2584177.232335224747658, 1104664.089424652280286 ], [ 2584180.4670290350914, 1104679.522020614240319 ], [ 2584176.95673126867041, 1104679.920305741252378 ], [ 2584178.595611862372607, 1104688.475856572156772 ], [ 2584169.421043216250837, 1104690.745482289697975 ], [ 2584171.507658325135708, 1104701.923394354293123 ], [ 2584172.973941178992391, 1104709.545594682916999 ], [ 2584165.12746196705848, 1104710.966876642080024 ], [ 2584165.292445298284292, 1104711.944712026510388 ], [ 2584153.673580010887235, 1104714.087374339345843 ], [ 2584151.098784101195633, 1104714.34981833701022 ], [ 2584148.143091456964612, 1104716.825483899796382 ], [ 2584149.043257739860564, 1104717.968138369033113 ], [ 2584136.203581971116364, 1104729.385354889789596 ], [ 2584135.248633310198784, 1104727.998279269784689 ], [ 2584129.294192469213158, 1104731.271121208090335 ], [ 2584124.694309084676206, 1104734.951723510865122 ], [ 2584120.197912350762635, 1104736.808920841198415 ], [ 2584113.060004599858075, 1104737.083387690130621 ], [ 2584109.322909260634333, 1104736.515157481422648 ], [ 2584105.171953512821347, 1104734.447267024312168 ], [ 2584099.67977221403271, 1104731.160077108535916 ], [ 2584093.631988355889916, 1104725.417569025885314 ], [ 2584100.847755512688309, 1104719.462248546537012 ], [ 2584106.671570879407227, 1104725.327637104084715 ], [ 2584109.948869547341019, 1104727.508995348121971 ], [ 2584114.716041643172503, 1104728.619232476688921 ], [ 2584118.033714762888849, 1104728.510451870504767 ], [ 2584121.880918823648244, 1104726.832827606005594 ], [ 2584119.129953904543072, 1104724.805711671710014 ], [ 2584126.538719954434782, 1104718.705397155368701 ], [ 2584128.628221226856112, 1104719.189036615425721 ], [ 2584131.577339653857052, 1104717.158046178752556 ], [ 2584130.33660503057763, 1104715.916239537065849 ], [ 2584129.09589912975207, 1104714.685549759538844 ], [ 2584127.699691480956972, 1104713.144001987529919 ], [ 2584129.659807214979082, 1104711.482461977517232 ], [ 2584130.670728979166597, 1104710.623819353757426 ], [ 2584116.406544275581837, 1104695.042396920733154 ], [ 2584124.748283910099417, 1104687.839073367184028 ], [ 2584130.535481404978782, 1104694.482749227667227 ], [ 2584133.560083978809416, 1104691.740093482891098 ], [ 2584131.947052533738315, 1104690.099064483074471 ], [ 2584134.424752591177821, 1104688.2027149759233 ], [ 2584135.999551289249212, 1104690.010595384053886 ], [ 2584136.825295752380043, 1104689.319190744077787 ], [ 2584137.373253062833101, 1104688.873083298560232 ], [ 2584137.515323457773775, 1104687.016223634593189 ], [ 2584137.552738095633686, 1104686.538107875036076 ] ] ] ] } },
{ "type": "Feature", "properties": { "osm_id": 19903379, "osm_typ": "relation", "name": "Attelas", "art": "station", "kapazitaet": null, "belegung": null, "osm_typ_2": "way", "name_2": "4 Vallées – Verbier/La Tzoumaz/Nendaz/Veysonnaz/Thyon", "landuse": "winter_sports", "matching_id": null, "osm_id_2": null }, "geometry": { "type": "MultiPolygon", "coordinates": [ [ [ [ 2587162.317597941961139, 1105256.065234671346843 ], [ 2587144.126823526341468, 1105244.420379024231806 ], [ 2587146.940246324054897, 1105240.056647246005014 ], [ 2587148.928893068339676, 1105236.961974739329889 ], [ 2587162.783005079720169, 1105245.825793758500367 ], [ 2587167.292194787412882, 1105238.823811018839478 ], [ 2587169.235944614280015, 1105240.064740764210001 ], [ 2587164.156371220480651, 1105247.957269696751609 ], [ 2587166.557007759809494, 1105249.486259204801172 ], [ 2587164.429580082185566, 1105252.781321346061304 ], [ 2587162.317597941961139, 1105256.065234671346843 ] ] ], [ [ [ 2587154.083362349774688, 1105260.596140104113147 ], [ 2587150.753458467777818, 1105258.479952621506527 ], [ 2587154.013808756601065, 1105253.35933835664764 ], [ 2587157.343714301474392, 1105255.475527640897781 ], [ 2587154.083362349774688, 1105260.596140104113147 ] ] ] ] } },
{ "type": "Feature", "properties": { "osm_id": 19903380, "osm_typ": "relation", "name": "Mayentzet", "art": "station", "kapazitaet": null, "belegung": null, "osm_typ_2": "way", "name_2": "4 Vallées – Verbier/La Tzoumaz/Nendaz/Veysonnaz/Thyon", "landuse": "winter_sports", "matching_id": null, "osm_id_2": null }, "geometry": { "type": "MultiPolygon", "coordinates": [ [ [ [ 2585921.588949985802174, 1104470.873053434304893 ], [ 2585917.796708400826901, 1104473.18305682647042 ], [ 2585916.065335598308593, 1104470.363462316803634 ], [ 2585919.84981789952144, 1104468.042359273647889 ], [ 2585921.588949985802174, 1104470.873053434304893 ] ] ], [ [ [ 2585912.7004409218207, 1104483.444532436551526 ], [ 2585910.254359192214906, 1104479.28149052709341 ], [ 2585926.335565954912454, 1104469.861477256985381 ], [ 2585930.971386215649545, 1104477.721272376133129 ], [ 2585914.882458755746484, 1104487.141291356645525 ], [ 2585912.7004409218207, 1104483.444532436551526 ] ] ] ] } },
{ "type": "Feature", "properties": { "osm_id": 19903381, "osm_typ": "relation", "name": "Chaux-Express", "art": "station", "kapazitaet": null, "belegung": null, "osm_typ_2": "way", "name_2": "4 Vallées – Verbier/La Tzoumaz/Nendaz/Veysonnaz/Thyon", "landuse": "winter_sports", "matching_id": null, "osm_id_2": null }, "geometry": { "type": "MultiPolygon", "coordinates": [ [ [ [ 2586543.724531865678728, 1104004.809340952662751 ], [ 2586539.421393221244216, 1104003.718391003087163 ], [ 2586540.195885149762034, 1104000.692925817100331 ], [ 2586544.499025797937065, 1104001.783876322442666 ], [ 2586543.724531865678728, 1104004.809340952662751 ] ] ], [ [ [ 2586559.640829953830689, 1104010.632344543002546 ], [ 2586556.542748493608087, 1104012.28451724909246 ], [ 2586534.794469450134784, 1104023.905491712037474 ], [ 2586532.34806058742106, 1104019.486515011638403 ], [ 2586530.537956021726131, 1104015.97768607060425 ], [ 2586545.626559861470014, 1104007.917768349638209 ], [ 2586547.853357603773475, 1104000.575793149415404 ], [ 2586548.375473291613162, 1103998.840426713228226 ], [ 2586553.909774866886437, 1104000.50670573557727 ], [ 2586557.925698464736342, 1103987.25778921903111 ], [ 2586561.935160735622048, 1103988.46057339804247 ], [ 2586565.991081289947033, 1103989.685490114614367 ], [ 2586559.640829953830689, 1104010.632344543002546 ] ] ], [ [ [ 2586568.078648759517819, 1104006.644894141936675 ], [ 2586566.942874753847718, 1104010.693894825642928 ], [ 2586562.825236736796796, 1104009.535815088544041 ], [ 2586563.96876801783219, 1104005.497913024853915 ], [ 2586568.078648759517819, 1104006.644894141936675 ] ] ] ] } },
{ "type": "Feature", "properties": { "osm_id": 19916449, "osm_typ": "relation", "name": null, "art": "station", "kapazitaet": null, "belegung": null, "osm_typ_2": "way", "name_2": "4 Vallées – Verbier/La Tzoumaz/Nendaz/Veysonnaz/Thyon", "landuse": "winter_sports", "matching_id": null, "osm_id_2": null }, "geometry": { "type": "MultiPolygon", "coordinates": [ [ [ [ 2590274.373671419918537, 1108287.804770443122834 ], [ 2590277.455886240117252, 1108286.632541597820818 ], [ 2590278.690081254113466, 1108289.843253527535126 ], [ 2590275.607867831364274, 1108291.015481743728742 ], [ 2590274.373671419918537, 1108287.804770443122834 ] ] ], [ [ [ 2590265.486300296615809, 1108293.61091114836745 ], [ 2590260.18136518727988, 1108282.558449451578781 ], [ 2590267.619451161473989, 1108279.144721435615793 ], [ 2590273.397299723699689, 1108291.074638876132667 ], [ 2590276.433396636508405, 1108304.409688574960455 ], [ 2590268.365987917874008, 1108305.81231348332949 ], [ 2590265.486300296615809, 1108293.61091114836745 ] ] ] ] } },
{ "type": "Feature", "properties": { "osm_id": 19943857, "osm_typ": "relation", "name": "Pasay", "art": "station", "kapazitaet": null, "belegung": null, "osm_typ_2": "way", "name_2": "4 Vallées – Verbier/La Tzoumaz/Nendaz/Veysonnaz/Thyon", "landuse": "winter_sports", "matching_id": null, "osm_id_2": null }, "geometry": { "type": "MultiPolygon", "coordinates": [ [ [ [ 2580231.129846124909818, 1099934.978778965538368 ], [ 2580232.90948032727465, 1099932.416108037810773 ], [ 2580236.175532621331513, 1099934.673247494501993 ], [ 2580234.388157481793314, 1099937.235942763043568 ], [ 2580231.129846124909818, 1099934.978778965538368 ] ] ], [ [ [ 2580240.790932677686214, 1099928.232681077206507 ], [ 2580242.224405331071466, 1099926.327032384229824 ], [ 2580262.274114580824971, 1099941.246922111604363 ], [ 2580260.725043997634202, 1099943.308577926596627 ], [ 2580257.8427245602943, 1099947.153267283923924 ], [ 2580237.800764024723321, 1099932.233366976259276 ], [ 2580240.790932677686214, 1099928.232681077206507 ] ] ] ] } },
{ "type": "Feature", "properties": { "osm_id": 99482298, "osm_typ": "way", "name": null, "art": "station", "kapazitaet": null, "belegung": null, "osm_typ_2": "way", "name_2": "Villars/Gryon/Les Diablerets", "landuse": "winter_sports", "matching_id": 30332, "osm_id_2": 909125 }, "geometry": { "type": "Polygon", "coordinates": [ [ [ 2573746.37851587170735, 1126518.468049994437024 ], [ 2573759.521068263333291, 1126533.31819915981032 ], [ 2573763.513146438635886, 1126529.810192334000021 ], [ 2573750.370596340857446, 1126514.960034474032 ], [ 2573746.37851587170735, 1126518.468049994437024 ] ] ] } },
{ "type": "Feature", "properties": { "osm_id": 435604543, "osm_typ": "way", "name": "Les Mazots", "art": "station", "kapazitaet": null, "belegung": null, "osm_typ_2": "way", "name_2": "Villars/Gryon/Les Diablerets", "landuse": "winter_sports", "matching_id": 30332, "osm_id_2": 909125 }, "geometry": { "type": "Polygon", "coordinates": [ [ [ 2576462.3233633171767, 1131251.088724007830024 ], [ 2576456.448122017085552, 1131257.036852453136817 ], [ 2576472.843553156126291, 1131273.125160237308592 ], [ 2576478.718794767279178, 1131267.177047757431865 ], [ 2576462.3233633171767, 1131251.088724007830024 ] ] ] } },
{ "type": "Feature", "properties": { "osm_id": 639376261, "osm_typ": "way", "name": "Station de départ", "art": "station", "kapazitaet": null, "belegung": null, "osm_typ_2": "way", "name_2": "Villars/Gryon/Les Diablerets", "landuse": "winter_sports", "matching_id": 30332, "osm_id_2": 909125 }, "geometry": { "type": "Polygon", "coordinates": [ [ [ 2578171.646487187128514, 1132731.534027795074508 ], [ 2578153.10140425292775, 1132716.860752813750878 ], [ 2578147.591279176529497, 1132723.77305073547177 ], [ 2578166.136394797824323, 1132738.457425219006836 ], [ 2578171.646487187128514, 1132731.534027795074508 ] ] ] } },
{ "type": "Feature", "properties": { "osm_id": 321341278, "osm_typ": "way", "name": "Sklilift Z'Nivu", "art": "station", "kapazitaet": null, "belegung": null, "osm_typ_2": "way", "name_2": "Moosalpregion", "landuse": "winter_sports", "matching_id": 30204, "osm_id_2": 909136 }, "geometry": { "type": "Polygon", "coordinates": [ [ [ 2630455.921855666674674, 1121769.87840060563758 ], [ 2630464.85150759248063, 1121774.781270162435248 ], [ 2630467.871515277307481, 1121769.304812297457829 ], [ 2630458.941801777575165, 1121764.413054671604186 ], [ 2630455.921855666674674, 1121769.87840060563758 ] ] ] } },
{ "type": "Feature", "properties": { "osm_id": 231502473, "osm_typ": "way", "name": "Atzmännig Schutt (Talstation)", "art": "station", "kapazitaet": null, "belegung": null, "osm_typ_2": "way", "name_2": "Atzmännig", "landuse": "winter_sports", "matching_id": 30018, "osm_id_2": 909061 }, "geometry": { "type": "Polygon", "coordinates": [ [ [ 2717903.397547574713826, 1238341.43415773101151 ], [ 2717889.652043654583395, 1238350.034919265424833 ], [ 2717876.676173885818571, 1238329.416211632080376 ], [ 2717890.414141224697232, 1238320.815270201535895 ], [ 2717903.397547574713826, 1238341.43415773101151 ] ] ] } },
{ "type": "Feature", "properties": { "osm_id": 903911480, "osm_typ": "way", "name": null, "art": "station", "kapazitaet": null, "belegung": null, "osm_typ_2": "way", "name_2": "Engelberg - Großtitlis Ski Schanze", "landuse": "winter_sports", "matching_id": 30084, "osm_id_2": 909237 }, "geometry": { "type": "Polygon", "coordinates": [ [ [ 2673670.816506017465144, 1185183.382035987684503 ], [ 2673673.083059574943036, 1185183.409915959229693 ], [ 2673675.27343492815271, 1185183.425742032937706 ], [ 2673675.313551477622241, 1185178.923576160566881 ], [ 2673670.856619213242084, 1185178.879870079224929 ], [ 2673670.816506017465144, 1185183.382035987684503 ] ] ] } },
{ "type": "Feature", "properties": { "osm_id": 903911481, "osm_typ": "way", "name": null, "art": "station", "kapazitaet": null, "belegung": null, "osm_typ_2": "way", "name_2": "Engelberg - Großtitlis Ski Schanze", "landuse": "winter_sports", "matching_id": 30084, "osm_id_2": 909237 }, "geometry": { "type": "Polygon", "coordinates": [ [ [ 2673650.512668987270445, 1185429.866965657565743 ], [ 2673655.280788830947131, 1185430.036780438385904 ], [ 2673655.576697140000761, 1185421.490923438686877 ], [ 2673653.089612778276205, 1185421.404748509638011 ], [ 2673650.808570487890393, 1185421.321108424570411 ], [ 2673650.512668987270445, 1185429.866965657565743 ] ] ] } },
{ "type": "Feature", "properties": { "osm_id": 234351454, "osm_typ": "way", "name": "Anzère (télécabine)", "art": "station", "kapazitaet": null, "belegung": null, "osm_typ_2": "way", "name_2": "Anzère", "landuse": "winter_sports", "matching_id": 30014, "osm_id_2": 909063 }, "geometry": { "type": "Polygon", "coordinates": [ [ [ 2596629.40855378145352, 1127062.420656694099307 ], [ 2596634.379747174214572, 1127064.285402511712164 ], [ 2596655.274120778311044, 1127072.088467919966206 ], [ 2596637.008612643927336, 1127120.689160083886236 ], [ 2596626.950721133034676, 1127116.937501124106348 ], [ 2596629.51278333645314, 1127110.110493818297982 ], [ 2596623.01547257322818, 1127107.457349720178172 ], [ 2596617.173524100799114, 1127105.493062425870448 ], [ 2596621.158966844435781, 1127094.907852008473128 ], [ 2596623.151687114965171, 1127089.604131252737716 ], [ 2596625.13671163097024, 1127084.311532068997622 ], [ 2596621.668448322452605, 1127083.012878213543445 ], [ 2596628.377564506605268, 1127065.167026179144159 ], [ 2596628.762256591580808, 1127064.132970000850037 ], [ 2596629.40855378145352, 1127062.420656694099307 ] ] ] } },
{ "type": "Feature", "properties": { "osm_id": 234464052, "osm_typ": "way", "name": "Pas-de-Maimbré", "art": "station", "kapazitaet": null, "belegung": null, "osm_typ_2": "way", "name_2": "Anzère", "landuse": "winter_sports", "matching_id": 30014, "osm_id_2": 909063 }, "geometry": { "type": "Polygon", "coordinates": [ [ [ 2595931.83065393473953, 1128958.603847643593326 ], [ 2595937.755762020591646, 1128960.55629693553783 ], [ 2595944.61326560145244, 1128962.963892228435725 ], [ 2595950.27643363038078, 1128964.883183243684471 ], [ 2595947.032143281772733, 1128974.345559026114643 ], [ 2595951.408571703359485, 1128975.832185653503984 ], [ 2595940.906964322086424, 1129006.46537968958728 ], [ 2595916.335853691678494, 1128998.100378065602854 ], [ 2595918.742126799654216, 1128991.095313536003232 ], [ 2595912.909457594621927, 1128989.109469697112218 ], [ 2595915.530968009959906, 1128981.448380817659199 ], [ 2595920.138547931797802, 1128983.01264137448743 ], [ 2595921.363643746823072, 1128983.434227193938568 ], [ 2595930.081613494083285, 1128958.004754617810249 ], [ 2595931.83065393473953, 1128958.603847643593326 ] ] ] } },
{ "type": "Feature", "properties": { "osm_id": 661850540, "osm_typ": "way", "name": null, "art": "station", "kapazitaet": null, "belegung": null, "osm_typ_2": "way", "name_2": "Anzère", "landuse": "winter_sports", "matching_id": 30014, "osm_id_2": 909063 }, "geometry": { "type": "Polygon", "coordinates": [ [ [ 2597966.006259376648813, 1128681.89564633090049 ], [ 2597979.959225682076067, 1128664.882520078215748 ], [ 2597974.06431519286707, 1128660.082227315055206 ], [ 2597960.111354389227927, 1128677.095367205794901 ], [ 2597966.006259376648813, 1128681.89564633090049 ] ] ] } },
{ "type": "Feature", "properties": { "osm_id": 661850542, "osm_typ": "way", "name": "Le Baté", "art": "station", "kapazitaet": null, "belegung": null, "osm_typ_2": "way", "name_2": "Anzère", "landuse": "winter_sports", "matching_id": 30014, "osm_id_2": 909063 }, "geometry": { "type": "Polygon", "coordinates": [ [ [ 2597184.769885430112481, 1130577.840940963709727 ], [ 2597166.538001590874046, 1130571.046376636717469 ], [ 2597169.514532828237861, 1130563.107750717317685 ], [ 2597187.746437277179211, 1130569.902324038557708 ], [ 2597184.769885430112481, 1130577.840940963709727 ] ] ] } },
{ "type": "Feature", "properties": { "osm_id": 661850543, "osm_typ": "way", "name": null, "art": "station", "kapazitaet": null, "belegung": null, "osm_typ_2": "way", "name_2": "Anzère", "landuse": "winter_sports", "matching_id": 30014, "osm_id_2": 909063 }, "geometry": { "type": "Polygon", "coordinates": [ [ [ 2597865.346079834271222, 1130838.336276408750564 ], [ 2597848.395358774811029, 1130834.996422897325829 ], [ 2597828.077943081967533, 1130827.844901515403762 ], [ 2597830.97825825586915, 1130820.040028824470937 ], [ 2597849.254940792918205, 1130827.092262192862108 ], [ 2597866.844985831063241, 1130830.798729710513726 ], [ 2597865.346079834271222, 1130838.336276408750564 ] ] ] } },
{ "type": "Feature", "properties": { "osm_id": 710632188, "osm_typ": "way", "name": null, "art": "station", "kapazitaet": null, "belegung": null, "osm_typ_2": "way", "name_2": "Anzère", "landuse": "winter_sports", "matching_id": 30014, "osm_id_2": 909063 }, "geometry": { "type": "Polygon", "coordinates": [ [ [ 2599833.28966099023819, 1131248.337407595012337 ], [ 2599835.052708423696458, 1131240.200048104859889 ], [ 2599852.909843810368329, 1131244.045689379796386 ], [ 2599851.146773430984467, 1131252.183043648255989 ], [ 2599833.28966099023819, 1131248.337407595012337 ] ] ] } },
{ "type": "Feature", "properties": { "osm_id": 1130588559, "osm_typ": "way", "name": "Les Luys", "art": "station", "kapazitaet": null, "belegung": null, "osm_typ_2": "way", "name_2": "Anzère", "landuse": "winter_sports", "matching_id": 30014, "osm_id_2": 909063 }, "geometry": { "type": "Polygon", "coordinates": [ [ [ 2597047.086306874174625, 1128327.624399819876999 ], [ 2597063.719799456652254, 1128313.197963077574968 ], [ 2597058.717025722842664, 1128307.475447338307276 ], [ 2597045.256210779771209, 1128319.154526156373322 ], [ 2597042.091233332175761, 1128321.901894009672105 ], [ 2597047.086306874174625, 1128327.624399819876999 ] ] ] } },
{ "type": "Feature", "properties": { "osm_id": 1130588560, "osm_typ": "way", "name": "Pas-de-Maimbré", "art": "station", "kapazitaet": null, "belegung": null, "osm_typ_2": "way", "name_2": "Anzère", "landuse": "winter_sports", "matching_id": 30014, "osm_id_2": 909063 }, "geometry": { "type": "Polygon", "coordinates": [ [ [ 2595910.744653282687068, 1129290.657750246813521 ], [ 2595927.365075491834432, 1129276.228191941278055 ], [ 2595922.362021220382303, 1129270.506618499523029 ], [ 2595908.913253662642092, 1129282.188222455792129 ], [ 2595905.741595190018415, 1129284.936190586304292 ], [ 2595910.744653282687068, 1129290.657750246813521 ] ] ] } },
{ "type": "Feature", "properties": { "osm_id": 1432292936, "osm_typ": "way", "name": "Grillesses", "art": "station", "kapazitaet": null, "belegung": null, "osm_typ_2": "way", "name_2": "Anzère", "landuse": "winter_sports", "matching_id": 30014, "osm_id_2": 909063 }, "geometry": { "type": "Polygon", "coordinates": [ [ [ 2597668.938246931880713, 1128945.034535373561084 ], [ 2597677.82888214988634, 1128947.832368072355166 ], [ 2597683.906816833186895, 1128928.576147434767336 ], [ 2597684.191862885374576, 1128909.155472339130938 ], [ 2597674.886423198506236, 1128909.448187715373933 ], [ 2597674.616323820780963, 1128927.634923487203196 ], [ 2597668.938246931880713, 1128945.034535373561084 ] ] ] } },
{ "type": "Feature", "properties": { "osm_id": 1432292937, "osm_typ": "way", "name": "Le Baté", "art": "station", "kapazitaet": null, "belegung": null, "osm_typ_2": "way", "name_2": "Anzère", "landuse": "winter_sports", "matching_id": 30014, "osm_id_2": 909063 }, "geometry": { "type": "Polygon", "coordinates": [ [ [ 2597174.98769718548283, 1130526.075998136773705 ], [ 2597183.529605850577354, 1130528.717637510271743 ], [ 2597177.524170671124011, 1130547.92985778208822 ], [ 2597160.702267559245229, 1130542.713180968537927 ], [ 2597161.955632848199457, 1130538.710630015470088 ], [ 2597170.227950253989547, 1130541.274564862251282 ], [ 2597174.98769718548283, 1130526.075998136773705 ] ] ] } },
{ "type": "Feature", "properties": { "osm_id": 144834120, "osm_typ": "way", "name": null, "art": "station", "kapazitaet": null, "belegung": null, "osm_typ_2": "way", "name_2": "Les Bugnenets-Savagnières", "landuse": "winter_sports", "matching_id": 30173, "osm_id_2": 909226 }, "geometry": { "type": "Polygon", "coordinates": [ [ [ 2567079.908882841467857, 1218765.187696947017685 ], [ 2567079.155118107795715, 1218755.163781974697486 ], [ 2567096.518945096991956, 1218753.866815609624609 ], [ 2567096.879526759497821, 1218758.678747222525999 ], [ 2567097.272680706344545, 1218763.89073276007548 ], [ 2567079.908882841467857, 1218765.187696947017685 ] ] ] } },
{ "type": "Feature", "properties": { "osm_id": 144834122, "osm_typ": "way", "name": null, "art": "station", "kapazitaet": null, "belegung": null, "osm_typ_2": "way", "name_2": "Les Bugnenets-Savagnières", "landuse": "winter_sports", "matching_id": 30173, "osm_id_2": 909226 }, "geometry": { "type": "Polygon", "coordinates": [ [ [ 2567186.432562824804336, 1218932.385112620191649 ], [ 2567187.098651805426925, 1218919.718456647824496 ], [ 2567200.671130620408803, 1218920.42168575967662 ], [ 2567200.527190317865461, 1218923.213004713179544 ], [ 2567200.376153101213276, 1218926.093303890898824 ], [ 2567197.9318707594648, 1218925.962280285777524 ], [ 2567197.560794800519943, 1218932.96843405906111 ], [ 2567186.432562824804336, 1218932.385112620191649 ] ] ] } },
{ "type": "Feature", "properties": { "osm_id": 151537306, "osm_typ": "way", "name": null, "art": "station", "kapazitaet": null, "belegung": null, "osm_typ_2": "way", "name_2": "Les Bugnenets-Savagnières", "landuse": "winter_sports", "matching_id": 30173, "osm_id_2": 909226 }, "geometry": { "type": "Polygon", "coordinates": [ [ [ 2567091.457236005458981, 1218812.751563650090247 ], [ 2567091.474861293565482, 1218815.931106087751687 ], [ 2567095.959723555017263, 1218815.906246657250449 ], [ 2567095.951466675847769, 1218814.416530957678333 ], [ 2567095.942100663669407, 1218812.726704207248986 ], [ 2567091.457236005458981, 1218812.751563650090247 ] ] ] } },
{ "type": "Feature", "properties": { "osm_id": 98297869, "osm_typ": "way", "name": null, "art": "station", "kapazitaet": null, "belegung": null, "osm_typ_2": "way", "name_2": "Leysin", "landuse": "winter_sports", "matching_id": 30186, "osm_id_2": 909007 }, "geometry": { "type": "Polygon", "coordinates": [ [ [ 2566470.56827671919018, 1134314.079475770704448 ], [ 2566478.87101117381826, 1134320.647673428058624 ], [ 2566468.836003995500505, 1134333.332104985369369 ], [ 2566472.175685245078057, 1134335.981511546531692 ], [ 2566465.419475390110165, 1134344.523401594022289 ], [ 2566450.715751707553864, 1134332.88832714012824 ], [ 2566457.448988809715956, 1134324.368781939381734 ], [ 2566460.518068884499371, 1134326.797355903079733 ], [ 2566470.56827671919018, 1134314.079475770704448 ] ] ] } },
{ "type": "Feature", "properties": { "osm_id": 211890469, "osm_typ": "way", "name": "Grimentz TGB", "art": "station", "kapazitaet": null, "belegung": null, "osm_typ_2": "way", "name_2": "Zinal / Grimentz", "landuse": "winter_sports", "matching_id": 30343, "osm_id_2": 909029 }, "geometry": { "type": "Polygon", "coordinates": [ [ [ 2610405.339928165543824, 1113886.17828969634138 ], [ 2610402.441355532035232, 1113878.68075747624971 ], [ 2610397.758807506877929, 1113866.700195534620434 ], [ 2610400.40937541006133, 1113865.670873756986111 ], [ 2610403.763162694405764, 1113864.364838375942782 ], [ 2610398.849917831365019, 1113851.805818832246587 ], [ 2610405.835688692051917, 1113849.094173663528636 ], [ 2610413.586523731704801, 1113846.07257876964286 ], [ 2610418.353661754634231, 1113858.253396398853511 ], [ 2610420.138749834615737, 1113857.556101998314261 ], [ 2610433.584832638502121, 1113852.332068179501221 ], [ 2610437.529238391667604, 1113862.399339667288586 ], [ 2610439.958914100658149, 1113868.606560659827664 ], [ 2610405.339928165543824, 1113886.17828969634138 ] ] ] } },
{ "type": "Feature", "properties": { "osm_id": 335607562, "osm_typ": "way", "name": "Zinal - Sorebois - Espace Weisshorn", "art": "station", "kapazitaet": null, "belegung": null, "osm_typ_2": "way", "name_2": "Zinal / Grimentz", "landuse": "winter_sports", "matching_id": 30343, "osm_id_2": 909029 }, "geometry": { "type": "Polygon", "coordinates": [ [ [ 2614311.148131050635129, 1109657.660181014565751 ], [ 2614332.568943729624152, 1109648.172493074089289 ], [ 2614327.98517686733976, 1109638.801495757652447 ], [ 2614312.923261737916619, 1109645.480519064469263 ], [ 2614307.631851507350802, 1109647.835926276165992 ], [ 2614311.148131050635129, 1109657.660181014565751 ] ] ] } },
{ "type": "Feature", "properties": { "osm_id": 335886072, "osm_typ": "way", "name": null, "art": "station", "kapazitaet": null, "belegung": null, "osm_typ_2": "way", "name_2": "Zinal / Grimentz", "landuse": "winter_sports", "matching_id": 30343, "osm_id_2": 909029 }, "geometry": { "type": "Polygon", "coordinates": [ [ [ 2614026.730306282173842, 1111475.956897008931264 ], [ 2614032.363317417912185, 1111478.837968178326264 ], [ 2614030.733658694662154, 1111482.002449539490044 ], [ 2614041.420966386329383, 1111487.452004204504192 ], [ 2614042.693666322622448, 1111484.975932921981439 ], [ 2614047.084318971261382, 1111487.220504445256665 ], [ 2614050.281617481727153, 1111480.991457403637469 ], [ 2614029.570601826533675, 1111470.42736372188665 ], [ 2614026.730306282173842, 1111475.956897008931264 ] ] ] } },
{ "type": "Feature", "properties": { "osm_id": 335886073, "osm_typ": "way", "name": null, "art": "station", "kapazitaet": null, "belegung": null, "osm_typ_2": "way", "name_2": "Zinal / Grimentz", "landuse": "winter_sports", "matching_id": 30343, "osm_id_2": 909029 }, "geometry": { "type": "Polygon", "coordinates": [ [ [ 2613321.752055127639323, 1111129.291330906329677 ], [ 2613333.654812240507454, 1111134.186463023070246 ], [ 2613334.61019134754315, 1111131.865180812077597 ], [ 2613335.938388879410923, 1111128.644268741132692 ], [ 2613324.035598367918283, 1111123.760248687816784 ], [ 2613321.752055127639323, 1111129.291330906329677 ] ] ] } },
{ "type": "Feature", "properties": { "osm_id": 965873185, "osm_typ": "way", "name": "Sorebois", "art": "station", "kapazitaet": null, "belegung": null, "osm_typ_2": "way", "name_2": "Zinal / Grimentz", "landuse": "winter_sports", "matching_id": 30343, "osm_id_2": 909029 }, "geometry": { "type": "Polygon", "coordinates": [ [ [ 2612775.723828182090074, 1110385.997852401109412 ], [ 2612777.186996034346521, 1110388.357645982177928 ], [ 2612783.938246748410165, 1110385.670470513170585 ], [ 2612787.400183780118823, 1110392.903543814318255 ], [ 2612781.683409590274096, 1110396.037550962297246 ], [ 2612784.062595811206847, 1110400.055645591346547 ], [ 2612769.38944937614724, 1110410.985862528905272 ], [ 2612766.143170493654907, 1110407.766353529412299 ], [ 2612764.178308613132685, 1110408.829432150349021 ], [ 2612757.366306725889444, 1110403.645931201754138 ], [ 2612759.080000655259937, 1110400.759197626728565 ], [ 2612754.499729346949607, 1110396.214022431755438 ], [ 2612768.476382380817086, 1110389.484394004335627 ], [ 2612775.723828182090074, 1110385.997852401109412 ] ] ] } },
{ "type": "Feature", "properties": { "osm_id": 965873186, "osm_typ": "way", "name": "La Vouarda", "art": "station", "kapazitaet": null, "belegung": null, "osm_typ_2": "way", "name_2": "Zinal / Grimentz", "landuse": "winter_sports", "matching_id": 30343, "osm_id_2": 909029 }, "geometry": { "type": "Polygon", "coordinates": [ [ [ 2612134.612201063893735, 1110991.365696178982034 ], [ 2612141.373948774766177, 1110998.438220334006473 ], [ 2612159.037964549381286, 1110981.931916164234281 ], [ 2612152.222047185990959, 1110974.903730652062222 ], [ 2612134.612201063893735, 1110991.365696178982034 ] ] ] } },
{ "type": "Feature", "properties": { "osm_id": 965873187, "osm_typ": "way", "name": "La Vouarda", "art": "station", "kapazitaet": null, "belegung": null, "osm_typ_2": "way", "name_2": "Zinal / Grimentz", "landuse": "winter_sports", "matching_id": 30343, "osm_id_2": 909029 }, "geometry": { "type": "Polygon", "coordinates": [ [ [ 2612082.755887624341995, 1111017.798009300837293 ], [ 2612102.166502762585878, 1111028.163872585399076 ], [ 2612119.303994523361325, 1111000.484204919077456 ], [ 2612114.464935642667115, 1110997.851059223059565 ], [ 2612101.08998672477901, 1110990.565327902557328 ], [ 2612098.500055977609009, 1110995.295864450046793 ], [ 2612097.42996627278626, 1110997.250264700502157 ], [ 2612096.344358809292316, 1110999.237984189996496 ], [ 2612093.364967554807663, 1110997.775792728643864 ], [ 2612082.755887624341995, 1111017.798009300837293 ] ] ] } },
{ "type": "Feature", "properties": { "osm_id": 297810309, "osm_typ": "way", "name": null, "art": "yes", "kapazitaet": null, "belegung": null, "osm_typ_2": "way", "name_2": "Vercorin", "landuse": "winter_sports", "matching_id": 30330, "osm_id_2": 909228 }, "geometry": { "type": "Polygon", "coordinates": [ [ [ 2607006.115104617550969, 1119788.286798174725845 ], [ 2607014.872456232085824, 1119787.485336668323725 ], [ 2607015.276317953597754, 1119791.865723358467221 ], [ 2607018.023129819426686, 1119791.602080159122124 ], [ 2607018.89183883741498, 1119800.99656771752052 ], [ 2607032.039433636236936, 1119799.777746466454118 ], [ 2607029.105491896625608, 1119768.225584726547822 ], [ 2607016.289609471801668, 1119769.411443649092689 ], [ 2607016.823080542031676, 1119775.137082580476999 ], [ 2607005.712404300458729, 1119776.158173908246681 ], [ 2607005.00255492515862, 1119776.22405945812352 ], [ 2607005.787454758770764, 1119784.718008055817336 ], [ 2607006.115104617550969, 1119788.286798174725845 ] ] ] } },
{ "type": "Feature", "properties": { "osm_id": 297817296, "osm_typ": "way", "name": null, "art": "station", "kapazitaet": null, "belegung": null, "osm_typ_2": "way", "name_2": "Vercorin", "landuse": "winter_sports", "matching_id": 30330, "osm_id_2": 909228 }, "geometry": { "type": "Polygon", "coordinates": [ [ [ 2607355.750258009880781, 1122532.851746904663742 ], [ 2607369.702916809823364, 1122530.61191567662172 ], [ 2607369.909594955854118, 1122531.879451396875083 ], [ 2607382.049730256199837, 1122529.926490977639332 ], [ 2607379.761165884789079, 1122515.739011562196538 ], [ 2607377.431871167849749, 1122516.103042227216065 ], [ 2607375.097357717808336, 1122501.637595352251083 ], [ 2607366.358585357666016, 1122503.038845794042572 ], [ 2607367.82053693709895, 1122512.10059486492537 ], [ 2607365.784316220786422, 1122512.431634095264599 ], [ 2607364.238179453648627, 1122502.836189773632213 ], [ 2607361.075870456639677, 1122503.343737043673173 ], [ 2607351.249589658342302, 1122504.910446317167953 ], [ 2607353.010033062659204, 1122515.862363986670971 ], [ 2607355.168517093639821, 1122529.260401733219624 ], [ 2607355.750258009880781, 1122532.851746904663742 ] ] ] } },
{ "type": "Feature", "properties": { "osm_id": 964638954, "osm_typ": "way", "name": null, "art": "station", "kapazitaet": null, "belegung": null, "osm_typ_2": "way", "name_2": "Vercorin", "landuse": "winter_sports", "matching_id": 30330, "osm_id_2": 909228 }, "geometry": { "type": "Polygon", "coordinates": [ [ [ 2607120.063238688278943, 1120888.045790526783094 ], [ 2607125.127629437018186, 1120930.628087765071541 ], [ 2607111.642007427755743, 1120932.768983557587489 ], [ 2607111.058295949362218, 1120930.611693062353879 ], [ 2607107.316599938552827, 1120931.185399123933166 ], [ 2607110.344908836763352, 1120947.085591674316674 ], [ 2607101.294885104056448, 1120948.942644820548594 ], [ 2607097.255003993865103, 1120927.338490653783083 ], [ 2607096.986724956892431, 1120925.881910740863532 ], [ 2607095.834935745224357, 1120901.457509339088574 ], [ 2607105.060745282564312, 1120901.056920608971268 ], [ 2607106.041301182936877, 1120926.770644570467994 ], [ 2607111.063549969810992, 1120926.098379333503544 ], [ 2607106.679169959388673, 1120889.008461441611871 ], [ 2607120.063238688278943, 1120888.045790526783094 ] ] ] } },
{ "type": "Feature", "properties": { "osm_id": 1360418842, "osm_typ": "way", "name": "Tracui d'en Bas - Mont Major", "art": "station", "kapazitaet": null, "belegung": null, "osm_typ_2": "way", "name_2": "Vercorin", "landuse": "winter_sports", "matching_id": 30330, "osm_id_2": 909228 }, "geometry": { "type": "Polygon", "coordinates": [ [ [ 2608237.658244729973376, 1120094.740278057288378 ], [ 2608255.088535407092422, 1120109.50439331587404 ], [ 2608259.786129186395556, 1120104.208153683226556 ], [ 2608243.421159863471985, 1120088.91186945931986 ], [ 2608237.658244729973376, 1120094.740278057288378 ] ] ] } },
{ "type": "Feature", "properties": { "osm_id": 228005269, "osm_typ": "way", "name": null, "art": "station", "kapazitaet": null, "belegung": null, "osm_typ_2": "way", "name_2": "Saas-Grund", "landuse": "winter_sports", "matching_id": 30250, "osm_id_2": 909100 }, "geometry": { "type": "Polygon", "coordinates": [ [ [ 2640584.272036949172616, 1109790.526288667460904 ], [ 2640594.072240973822773, 1109796.139143068809062 ], [ 2640612.096993056125939, 1109804.919764719903469 ], [ 2640614.249629050027579, 1109799.664782647509128 ], [ 2640614.953292544931173, 1109790.364686703775078 ], [ 2640615.91687169810757, 1109781.488770654192194 ], [ 2640594.769477155990899, 1109772.776184368412942 ], [ 2640584.272036949172616, 1109790.526288667460904 ] ] ] } },
{ "type": "Feature", "properties": { "osm_id": 149101608, "osm_typ": "way", "name": null, "art": "station", "kapazitaet": null, "belegung": null, "osm_typ_2": "way", "name_2": "Klewenalp - Stockhütte", "landuse": "winter_sports", "matching_id": 30145, "osm_id_2": 909171 }, "geometry": { "type": "Polygon", "coordinates": [ [ [ 2681166.020648657344282, 1199866.232743249507621 ], [ 2681173.170708080288023, 1199880.216382046695799 ], [ 2681178.499331097584218, 1199877.509265120374039 ], [ 2681185.330459157470614, 1199890.865972583880648 ], [ 2681195.274580826982856, 1199885.820087883621454 ], [ 2681193.969184004236013, 1199883.267421875614673 ], [ 2681189.281201266683638, 1199874.131349192000926 ], [ 2681181.278209537267685, 1199858.479505329858512 ], [ 2681166.020648657344282, 1199866.232743249507621 ] ] ] } },
{ "type": "Feature", "properties": { "osm_id": 262026861, "osm_typ": "way", "name": null, "art": "station", "kapazitaet": null, "belegung": null, "osm_typ_2": "way", "name_2": "Braunwald", "landuse": "winter_sports", "matching_id": 30036, "osm_id_2": 909188 }, "geometry": { "type": "Polygon", "coordinates": [ [ [ 2719203.598853698000312, 1200886.41768632712774 ], [ 2719205.193105922546238, 1200891.998032586881891 ], [ 2719213.854031739290804, 1200889.546778454212472 ], [ 2719212.267398281488568, 1200883.966581849614158 ], [ 2719203.598853698000312, 1200886.41768632712774 ] ] ] } },
{ "type": "Feature", "properties": { "osm_id": 42116372, "osm_typ": "way", "name": null, "art": "station", "kapazitaet": null, "belegung": null, "osm_typ_2": "way", "name_2": "Leukerbad (Torrent)", "landuse": "winter_sports", "matching_id": 30185, "osm_id_2": 909121 }, "geometry": { "type": "Polygon", "coordinates": [ [ [ 2616091.211467634420842, 1136443.587066417327151 ], [ 2616088.798070436343551, 1136436.877376251621172 ], [ 2616110.414867002516985, 1136429.164347453042865 ], [ 2616112.828243308700621, 1136435.874046261887997 ], [ 2616091.211467634420842, 1136443.587066417327151 ] ] ] } },
{ "type": "Feature", "properties": { "osm_id": 267040188, "osm_typ": "way", "name": null, "art": "station", "kapazitaet": null, "belegung": null, "osm_typ_2": "way", "name_2": "Aletsch Arena", "landuse": "winter_sports", "matching_id": 30007, "osm_id_2": 909093 }, "geometry": { "type": "Polygon", "coordinates": [ [ [ 2649255.600736592430621, 1139360.519075206015259 ], [ 2649254.635631114710122, 1139359.099358099512756 ], [ 2649249.276670132763684, 1139362.713096676161513 ], [ 2649248.886780417058617, 1139355.828567264368758 ], [ 2649251.330042073503137, 1139354.225432572420686 ], [ 2649251.064158285968006, 1139353.823055985150859 ], [ 2649254.280678428709507, 1139351.703736786730587 ], [ 2649245.308734055608511, 1139338.156893161358312 ], [ 2649255.483958846423775, 1139331.469713204540312 ], [ 2649261.979166064877063, 1139341.294442457146943 ], [ 2649268.659578550141305, 1139336.902199496515095 ], [ 2649273.027697056531906, 1139343.507922173012048 ], [ 2649266.324128019157797, 1139347.911088191671297 ], [ 2649265.691950062755495, 1139350.929721399443224 ], [ 2649258.871412974782288, 1139355.532045036321506 ], [ 2649260.163195105735213, 1139357.443570842966437 ], [ 2649255.600736592430621, 1139360.519075206015259 ] ] ] } },
{ "type": "Feature", "properties": { "osm_id": 271200118, "osm_typ": "way", "name": null, "art": "station", "kapazitaet": null, "belegung": null, "osm_typ_2": "way", "name_2": "Aletsch Arena", "landuse": "winter_sports", "matching_id": 30007, "osm_id_2": 909093 }, "geometry": { "type": "Polygon", "coordinates": [ [ [ 2648323.496546966023743, 1137992.805078204721212 ], [ 2648314.86733490228653, 1137978.206293453462422 ], [ 2648319.049001889768988, 1137975.682869753800333 ], [ 2648320.195062725804746, 1137977.615257085068151 ], [ 2648327.020550064742565, 1137973.456579755526036 ], [ 2648323.839974089059979, 1137968.150617869803682 ], [ 2648330.756796670146286, 1137964.114961023675278 ], [ 2648332.523716407828033, 1137963.439855843316764 ], [ 2648334.524809522554278, 1137963.3002349215094 ], [ 2648336.451872832607478, 1137963.760332908947021 ], [ 2648338.051523894071579, 1137964.762537340400741 ], [ 2648339.186112291645259, 1137966.205694379517809 ], [ 2648340.964105297345668, 1137965.108239396009594 ], [ 2648344.453532211482525, 1137971.228213996393606 ], [ 2648348.086435024160892, 1137969.033923426410183 ], [ 2648352.209102066699415, 1137975.803750368533656 ], [ 2648334.725855363998562, 1137986.235938405850902 ], [ 2648335.796949574258178, 1137987.923157713608816 ], [ 2648333.029623922891915, 1137989.613007034640759 ], [ 2648331.935898991301656, 1137987.870022779097781 ], [ 2648323.496546966023743, 1137992.805078204721212 ] ] ] } },
{ "type": "Feature", "properties": { "osm_id": 271203617, "osm_typ": "way", "name": "Sesselbahn Blausee", "art": "station", "kapazitaet": null, "belegung": null, "osm_typ_2": "way", "name_2": "Aletsch Arena", "landuse": "winter_sports", "matching_id": 30007, "osm_id_2": 909093 }, "geometry": { "type": "Polygon", "coordinates": [ [ [ 2647599.123141948599368, 1137517.698815833777189 ], [ 2647597.554131610319018, 1137504.968768787570298 ], [ 2647628.11366827879101, 1137500.585061538498849 ], [ 2647633.155989930499345, 1137500.135683995205909 ], [ 2647636.610568264499307, 1137513.725493214093149 ], [ 2647639.125012930016965, 1137523.617093108128756 ], [ 2647640.767391069792211, 1137524.108072392875329 ], [ 2647643.291965484153479, 1137526.862732692621648 ], [ 2647642.796566609758884, 1137528.226198148680851 ], [ 2647642.382937368471175, 1137528.000598293961957 ], [ 2647641.741034826263785, 1137529.407375629758462 ], [ 2647626.69064558390528, 1137522.029371146578342 ], [ 2647626.536757071502507, 1137523.984724218724295 ], [ 2647612.00829157512635, 1137515.777108095120639 ], [ 2647599.123141948599368, 1137517.698815833777189 ] ] ] } },
{ "type": "Feature", "properties": { "osm_id": 271283949, "osm_typ": "way", "name": null, "art": "station", "kapazitaet": null, "belegung": null, "osm_typ_2": "way", "name_2": "Aletsch Arena", "landuse": "winter_sports", "matching_id": 30007, "osm_id_2": 909093 }, "geometry": { "type": "Polygon", "coordinates": [ [ [ 2648132.585016999393702, 1138087.319082230096683 ], [ 2648132.373285662848502, 1138086.861603337572888 ], [ 2648132.798093623947352, 1138086.642651821719483 ], [ 2648130.392840065527707, 1138081.520842054160312 ], [ 2648129.02629380626604, 1138082.154729307629168 ], [ 2648126.544650951400399, 1138076.965611150255427 ], [ 2648126.390110738109797, 1138077.0533145184163 ], [ 2648126.125246196053922, 1138076.506477527087554 ], [ 2648126.272183426655829, 1138076.407596702454612 ], [ 2648123.964519047643989, 1138071.586722563719377 ], [ 2648123.787169725634158, 1138071.640893651172519 ], [ 2648123.537510711699724, 1138071.116411671508104 ], [ 2648123.699742618016899, 1138071.028769522206858 ], [ 2648121.354236140381545, 1138066.129776827525347 ], [ 2648121.176709532737732, 1138066.206180308479816 ], [ 2648120.934918800834566, 1138065.659527403768152 ], [ 2648121.089459223207086, 1138065.571823899634182 ], [ 2648118.554315611720085, 1138060.337815394857898 ], [ 2648119.913439778145403, 1138059.670516012702137 ], [ 2648117.364237896632403, 1138054.269643082749099 ], [ 2648132.429210653994232, 1138047.030328721506521 ], [ 2648135.016771696507931, 1138052.442630704957992 ], [ 2648136.398708496242762, 1138051.80886742612347 ], [ 2648138.910765577107668, 1138057.042699499754235 ], [ 2648139.088292681612074, 1138056.966296537779272 ], [ 2648139.345553946215659, 1138057.501956632360816 ], [ 2648139.175541238859296, 1138057.600653207395226 ], [ 2648141.513610964640975, 1138062.466243042610586 ], [ 2648141.675931979436427, 1138062.367485224269331 ], [ 2648141.940884371753782, 1138062.903206740738824 ], [ 2648141.778474753722548, 1138063.013080710545182 ], [ 2648144.116451602429152, 1138067.889787716558203 ], [ 2648144.263389339204878, 1138067.790907331742346 ], [ 2648144.528341256547719, 1138068.326628966955468 ], [ 2648144.366020353045315, 1138068.425386709393933 ], [ 2648146.878063396085054, 1138073.659222103422508 ], [ 2648145.526630906388164, 1138074.326576726743951 ], [ 2648147.95539247058332, 1138079.392995712580159 ], [ 2648148.403187624178827, 1138079.185345418285578 ], [ 2648148.630301174707711, 1138079.642947521526366 ], [ 2648148.189843119122088, 1138079.895123746246099 ], [ 2648148.114434015471488, 1138079.70553586166352 ], [ 2648137.628518896643072, 1138084.735701684374362 ], [ 2648137.719400002621114, 1138084.914295903872699 ], [ 2648136.175061680842191, 1138085.657933002337813 ], [ 2648136.091872106771916, 1138085.479400117648765 ], [ 2648132.987813412211835, 1138086.966552939265966 ], [ 2648133.048194157890975, 1138087.111553410068154 ], [ 2648132.585016999393702, 1138087.319082230096683 ] ] ] } },
{ "type": "Feature", "properties": { "osm_id": 271333767, "osm_typ": "way", "name": null, "art": "station", "kapazitaet": null, "belegung": null, "osm_typ_2": "way", "name_2": "Aletsch Arena", "landuse": "winter_sports", "matching_id": 30007, "osm_id_2": 909093 }, "geometry": { "type": "Polygon", "coordinates": [ [ [ 2647068.813237871974707, 1137612.671760422643274 ], [ 2647059.000649439170957, 1137600.411233691964298 ], [ 2647055.71863783756271, 1137603.020355887245387 ], [ 2647046.401150856167078, 1137591.386250708252192 ], [ 2647059.103466558270156, 1137581.291057377355173 ], [ 2647076.747111579868942, 1137578.760508548934013 ], [ 2647077.666942748706788, 1137585.104281204752624 ], [ 2647065.244778215419501, 1137586.886216807877645 ], [ 2647084.085266803856939, 1137610.422906956402585 ], [ 2647078.496513379272074, 1137614.870548387058079 ], [ 2647073.658772250171751, 1137608.829744089394808 ], [ 2647068.813237871974707, 1137612.671760422643274 ] ] ] } },
{ "type": "Feature", "properties": { "osm_id": 987022037, "osm_typ": "way", "name": null, "art": "station", "kapazitaet": null, "belegung": null, "osm_typ_2": "way", "name_2": "Aletsch Arena", "landuse": "winter_sports", "matching_id": 30007, "osm_id_2": 909093 }, "geometry": { "type": "Polygon", "coordinates": [ [ [ 2648387.660283378791064, 1138008.715692634461448 ], [ 2648389.848074801266193, 1138010.233999204589054 ], [ 2648390.750016331207007, 1138009.029487713938579 ], [ 2648411.558883666992188, 1138023.225746660260484 ], [ 2648415.629915626719594, 1138017.233040424529463 ], [ 2648392.762755427043885, 1138001.67513298150152 ], [ 2648394.507068831473589, 1137999.021062549902126 ], [ 2648388.601337158121169, 1137994.949434783542529 ], [ 2648381.300246990285814, 1138005.663183717057109 ], [ 2648387.122789676301181, 1138009.556267987703905 ], [ 2648387.660283378791064, 1138008.715692634461448 ] ] ] } },
{ "type": "Feature", "properties": { "osm_id": 42982074, "osm_typ": "way", "name": "Féeline", "art": "station", "kapazitaet": null, "belegung": null, "osm_typ_2": "way", "name_2": "La Robella", "landuse": "winter_sports", "matching_id": 30149, "osm_id_2": 909248 }, "geometry": { "type": "Polygon", "coordinates": [ [ [ 2532361.952065987512469, 1193181.466547894058749 ], [ 2532362.016819376964122, 1193176.418391740415245 ], [ 2532368.948679627850652, 1193174.683314776979387 ], [ 2532368.061289008706808, 1193164.309465264203027 ], [ 2532376.440208177082241, 1193162.469060226110741 ], [ 2532379.093751994427294, 1193161.883115266216919 ], [ 2532381.87793100066483, 1193176.193369324551895 ], [ 2532378.242378896567971, 1193176.890497003681958 ], [ 2532380.400409727822989, 1193191.774845330277458 ], [ 2532372.831520577892661, 1193196.485544573049992 ], [ 2532368.965454356279224, 1193197.018524660496041 ], [ 2532364.909108853898942, 1193197.575898655690253 ], [ 2532340.324053843505681, 1193190.561330632539466 ], [ 2532337.280558026861399, 1193184.314345597522333 ], [ 2532340.797986627556384, 1193177.904048947384581 ], [ 2532343.63758138474077, 1193177.593921002699062 ], [ 2532361.952065987512469, 1193181.466547894058749 ] ] ] } },
{ "type": "Feature", "properties": { "osm_id": 42982769, "osm_typ": "way", "name": null, "art": "station", "kapazitaet": null, "belegung": null, "osm_typ_2": "way", "name_2": "La Robella", "landuse": "winter_sports", "matching_id": 30149, "osm_id_2": 909248 }, "geometry": { "type": "Polygon", "coordinates": [ [ [ 2532165.40713037038222, 1192041.301190559286624 ], [ 2532164.81411601183936, 1192040.774281016318128 ], [ 2532164.455095707438886, 1192038.699358519399539 ], [ 2532166.836722931824625, 1192038.294297764077783 ], [ 2532169.127256321255118, 1192037.923625897150487 ], [ 2532169.628915322013199, 1192040.474987296620384 ], [ 2532168.367201486602426, 1192040.811734432354569 ], [ 2532169.660175077617168, 1192047.92346210591495 ], [ 2532167.240311524365097, 1192048.317838563816622 ], [ 2532165.40713037038222, 1192041.301190559286624 ] ] ] } },
{ "type": "Feature", "properties": { "osm_id": 992319849, "osm_typ": "way", "name": null, "art": "station", "kapazitaet": null, "belegung": null, "osm_typ_2": "way", "name_2": "La Robella", "landuse": "winter_sports", "matching_id": 30149, "osm_id_2": 909248 }, "geometry": { "type": "Polygon", "coordinates": [ [ [ 2532271.068250147160143, 1192044.326289986027405 ], [ 2532273.457139381673187, 1192045.233072608942166 ], [ 2532275.777044898830354, 1192046.107285751728341 ], [ 2532273.969050110317767, 1192050.708269137423486 ], [ 2532269.399233266245574, 1192049.081345302984118 ], [ 2532271.068250147160143, 1192044.326289986027405 ] ] ] } },
{ "type": "Feature", "properties": { "osm_id": 212047633, "osm_typ": "way", "name": null, "art": "station", "kapazitaet": null, "belegung": null, "osm_typ_2": "way", "name_2": "Vals 3000", "landuse": "winter_sports", "matching_id": 30325, "osm_id_2": 909102 }, "geometry": { "type": "Polygon", "coordinates": [ [ [ 2732867.920770426280797, 1163477.030699110822752 ], [ 2732899.328072443138808, 1163484.441352324793115 ], [ 2732904.49975932855159, 1163462.650705959647894 ], [ 2732873.0921023003757, 1163455.251139649190009 ], [ 2732867.920770426280797, 1163477.030699110822752 ] ] ] } },
{ "type": "Feature", "properties": { "osm_id": 1197880990, "osm_typ": "way", "name": null, "art": "station", "kapazitaet": null, "belegung": null, "osm_typ_2": "way", "name_2": "Jeizinen", "landuse": "winter_sports", "matching_id": 30135, "osm_id_2": 909059 }, "geometry": { "type": "Polygon", "coordinates": [ [ [ 2621964.015528852120042, 1131533.393709250027314 ], [ 2621969.817885199561715, 1131534.348548245383427 ], [ 2621970.778407419566065, 1131528.526940438430756 ], [ 2621964.938191018998623, 1131527.394097822951153 ], [ 2621964.015528852120042, 1131533.393709250027314 ] ] ] } },
{ "type": "Feature", "properties": { "osm_id": 400660504, "osm_typ": "way", "name": null, "art": "station", "kapazitaet": null, "belegung": null, "osm_typ_2": "way", "name_2": "Grächen", "landuse": "winter_sports", "matching_id": 30106, "osm_id_2": 909172 }, "geometry": { "type": "Polygon", "coordinates": [ [ [ 2633314.063461663667113, 1117271.69708362640813 ], [ 2633322.760295719373971, 1117283.250681761652231 ], [ 2633299.277324473019689, 1117300.808389523997903 ], [ 2633290.588189456611872, 1117289.254867601906881 ], [ 2633314.063461663667113, 1117271.69708362640813 ] ] ] } },
{ "type": "Feature", "properties": { "osm_id": 347277916, "osm_typ": "way", "name": "La Meina", "art": "station", "kapazitaet": null, "belegung": null, "osm_typ_2": "way", "name_2": "Evolène", "landuse": "winter_sports", "matching_id": 30091, "osm_id_2": 909006 }, "geometry": { "type": "Polygon", "coordinates": [ [ [ 2601311.289256827905774, 1107731.21760556823574 ], [ 2601311.840587471146137, 1107719.10060066357255 ], [ 2601307.063273886684328, 1107719.032924955943599 ], [ 2601306.6047592908144, 1107730.938733395887539 ], [ 2601311.289256827905774, 1107731.21760556823574 ] ] ] } },
{ "type": "Feature", "properties": { "osm_id": 328747827, "osm_typ": "way", "name": null, "art": "pylon", "kapazitaet": null, "belegung": null, "osm_typ_2": "way", "name_2": "Schwanden – Sigriswil – Justistal", "landuse": "winter_sports", "matching_id": null, "osm_id_2": null }, "geometry": { "type": "Polygon", "coordinates": [ [ [ 2622409.446529120206833, 1174804.623522528912872 ], [ 2622414.376493291463703, 1174798.727761776652187 ], [ 2622404.903282701969147, 1174790.85511476569809 ], [ 2622399.965635304804891, 1174796.761971428059042 ], [ 2622409.446529120206833, 1174804.623522528912872 ] ] ] } },
{ "type": "Feature", "properties": { "osm_id": 945544950, "osm_typ": "way", "name": "Talstation Grüsch", "art": "station", "kapazitaet": null, "belegung": null, "osm_typ_2": "way", "name_2": "Grüsch Danusa", "landuse": "winter_sports", "matching_id": 30107, "osm_id_2": 909261 }, "geometry": { "type": "Polygon", "coordinates": [ [ [ 2767489.774473280180246, 1204758.064898719778284 ], [ 2767481.169461399316788, 1204735.113275777781382 ], [ 2767481.853568841703236, 1204734.064813734032214 ], [ 2767486.838452791795135, 1204732.213983488967642 ], [ 2767488.236620873678476, 1204732.575751800322905 ], [ 2767496.9409269108437, 1204755.785967115545645 ], [ 2767496.261738106608391, 1204757.201574904611334 ], [ 2767494.484665873460472, 1204757.86346771218814 ], [ 2767491.815255017951131, 1204758.856201166985556 ], [ 2767489.774473280180246, 1204758.064898719778284 ] ] ] } },
{ "type": "Feature", "properties": { "osm_id": 303564513, "osm_typ": "way", "name": null, "art": "station", "kapazitaet": null, "belegung": null, "osm_typ_2": "way", "name_2": "Fideriser Heuberge", "landuse": "winter_sports", "matching_id": 30094, "osm_id_2": 909199 }, "geometry": { "type": "Polygon", "coordinates": [ [ [ 2774777.932911653071642, 1193152.20365658774972 ], [ 2774783.07748820213601, 1193148.695029072696343 ], [ 2774787.730380089022219, 1193155.481812616577372 ], [ 2774782.593752475455403, 1193158.979546799790114 ], [ 2774777.932911653071642, 1193152.20365658774972 ] ] ] } },
{ "type": "Feature", "properties": { "osm_id": 304232947, "osm_typ": "way", "name": null, "art": "station", "kapazitaet": null, "belegung": null, "osm_typ_2": "way", "name_2": "Fideriser Heuberge", "landuse": "winter_sports", "matching_id": 30094, "osm_id_2": 909199 }, "geometry": { "type": "Polygon", "coordinates": [ [ [ 2774311.633878921624273, 1193105.20285107055679 ], [ 2774309.700837914366275, 1193100.864661768777296 ], [ 2774315.461207782384008, 1193097.418079454451799 ], [ 2774318.302826204802841, 1193102.249870763160288 ], [ 2774311.633878921624273, 1193105.20285107055679 ] ] ] } },
{ "type": "Feature", "properties": { "osm_id": 304323293, "osm_typ": "way", "name": null, "art": "station", "kapazitaet": null, "belegung": null, "osm_typ_2": "way", "name_2": "Fideriser Heuberge", "landuse": "winter_sports", "matching_id": 30094, "osm_id_2": 909199 }, "geometry": { "type": "Polygon", "coordinates": [ [ [ 2775669.219795659650117, 1192659.164911614730954 ], [ 2775667.708866611588746, 1192656.584771402645856 ], [ 2775671.046055337879807, 1192654.647549338173121 ], [ 2775672.549035064410418, 1192657.238578560296446 ], [ 2775669.219795659650117, 1192659.164911614730954 ] ] ] } },
{ "type": "Feature", "properties": { "osm_id": 30920807, "osm_typ": "way", "name": "Nollen", "art": "station", "kapazitaet": null, "belegung": null, "osm_typ_2": "way", "name_2": "Nollen – Unterägeri", "landuse": "winter_sports", "matching_id": null, "osm_id_2": null }, "geometry": { "type": "Polygon", "coordinates": [ [ [ 2685072.664626901037991, 1220550.398310590535402 ], [ 2685071.923891379032284, 1220545.417704255552962 ], [ 2685077.140231194440275, 1220544.647234150208533 ], [ 2685076.067123694811016, 1220537.438154351897538 ], [ 2685082.332778056152165, 1220536.515905157895759 ], [ 2685082.706697191111743, 1220539.02293763984926 ], [ 2685090.546549808699638, 1220537.856348922941834 ], [ 2685091.986603481695056, 1220547.527890624944121 ], [ 2685072.664626901037991, 1220550.398310590535402 ] ] ] } },
{ "type": "Feature", "properties": { "osm_id": 210269184, "osm_typ": "way", "name": "Téléski", "art": "station", "kapazitaet": null, "belegung": null, "osm_typ_2": "way", "name_2": "Tramelan", "landuse": "winter_sports", "matching_id": 30314, "osm_id_2": 909133 }, "geometry": { "type": "Polygon", "coordinates": [ [ [ 2573140.415786290541291, 1229330.003639519447461 ], [ 2573140.457479668781161, 1229339.197887636255473 ], [ 2573145.744953372981399, 1229339.173912757541984 ], [ 2573145.750245930626988, 1229340.341259875101969 ], [ 2573148.643963071517646, 1229340.328140949364752 ], [ 2573148.596990369260311, 1229329.966545649338514 ], [ 2573140.415786290541291, 1229330.003639519447461 ] ] ] } },
{ "type": "Feature", "properties": { "osm_id": 257683501, "osm_typ": "way", "name": null, "art": "station", "kapazitaet": null, "belegung": null, "osm_typ_2": "way", "name_2": "Wiriehorn", "landuse": "winter_sports", "matching_id": 30338, "osm_id_2": 909051 }, "geometry": { "type": "Polygon", "coordinates": [ [ [ 2607059.969592104200274, 1160408.89422999182716 ], [ 2607058.413955296389759, 1160415.506799800787121 ], [ 2607056.796745865605772, 1160422.352747123455629 ], [ 2607067.751956963911653, 1160424.933429011376575 ], [ 2607070.924813449848443, 1160411.486034233355895 ], [ 2607059.969592104200274, 1160408.89422999182716 ] ] ] } },
{ "type": "Feature", "properties": { "osm_id": 559490118, "osm_typ": "way", "name": "Diemtigen Riedli", "art": "station", "kapazitaet": null, "belegung": null, "osm_typ_2": "way", "name_2": "Wiriehorn", "landuse": "winter_sports", "matching_id": 30338, "osm_id_2": 909051 }, "geometry": { "type": "Polygon", "coordinates": [ [ [ 2607131.947754343505949, 1162326.704788740025833 ], [ 2607140.724725280422717, 1162328.527120793936774 ], [ 2607141.032891323789954, 1162327.048973448108882 ], [ 2607145.115945266094059, 1162307.59970108885318 ], [ 2607140.727452367544174, 1162306.682971958769485 ], [ 2607136.338958132546395, 1162305.766246036626399 ], [ 2607132.409980760421604, 1162324.504241953138262 ], [ 2607131.947754343505949, 1162326.704788740025833 ] ] ] } },
{ "type": "Feature", "properties": { "osm_id": 1149421096, "osm_typ": "way", "name": "Nüegg", "art": "station", "kapazitaet": null, "belegung": null, "osm_typ_2": "way", "name_2": "Wiriehorn", "landuse": "winter_sports", "matching_id": 30338, "osm_id_2": 909051 }, "geometry": { "type": "Polygon", "coordinates": [ [ [ 2607414.951405205763876, 1161001.399163118563592 ], [ 2607419.562936916947365, 1161002.383063203189522 ], [ 2607424.174453516025096, 1161003.378083422081545 ], [ 2607428.952234922442585, 1160981.228532709879801 ], [ 2607419.736816521268338, 1160979.249614472268149 ], [ 2607414.951405205763876, 1161001.399163118563592 ] ] ] } },
{ "type": "Feature", "properties": { "osm_id": 199564526, "osm_typ": "way", "name": "Skilift Biberegg - Neusell", "art": "station", "kapazitaet": null, "belegung": null, "osm_typ_2": "way", "name_2": "Rothenthurm", "landuse": "winter_sports", "matching_id": 30241, "osm_id_2": 909116 }, "geometry": { "type": "Polygon", "coordinates": [ [ [ 2693786.834073781967163, 1216407.273175123846158 ], [ 2693797.545204655267298, 1216402.182648885063827 ], [ 2693796.111560496967286, 1216399.191365310456604 ], [ 2693798.299584843218327, 1216398.158416701946408 ], [ 2693793.807737838011235, 1216388.770166466245428 ], [ 2693780.916155017912388, 1216394.893772994400933 ], [ 2693786.834073781967163, 1216407.273175123846158 ] ] ] } },
{ "type": "Feature", "properties": { "osm_id": 971792617, "osm_typ": "way", "name": null, "art": "pylon", "kapazitaet": null, "belegung": null, "osm_typ_2": "way", "name_2": "Gitschenen – Isenthal", "landuse": "winter_sports", "matching_id": null, "osm_id_2": null }, "geometry": { "type": "Polygon", "coordinates": [ [ [ 2681291.312730534467846, 1194687.371671116678044 ], [ 2681292.878366443794221, 1194688.804943188792095 ], [ 2681296.459334818646312, 1194684.940093445125967 ], [ 2681294.893698717467487, 1194683.506820440292358 ], [ 2681291.312730534467846, 1194687.371671116678044 ] ] ] } },
{ "type": "Feature", "properties": { "osm_id": 358215760, "osm_typ": "way", "name": null, "art": "station", "kapazitaet": null, "belegung": null, "osm_typ_2": "way", "name_2": "Grindelwald - Wengen", "landuse": "winter_sports", "matching_id": 30112, "osm_id_2": 909166 }, "geometry": { "type": "Polygon", "coordinates": [ [ [ 2641126.118023779243231, 1158382.694337654393166 ], [ 2641125.739642254076898, 1158392.074365150183439 ], [ 2641134.8596579330042, 1158392.447941523045301 ], [ 2641135.753386097028852, 1158370.47605685563758 ], [ 2641126.625671413261443, 1158370.102426768280566 ], [ 2641126.118023779243231, 1158382.694337654393166 ] ] ] } },
{ "type": "Feature", "properties": { "osm_id": 799042590, "osm_typ": "way", "name": null, "art": "station", "kapazitaet": null, "belegung": null, "osm_typ_2": "way", "name_2": "Grindelwald - Wengen", "landuse": "winter_sports", "matching_id": 30112, "osm_id_2": 909166 }, "geometry": { "type": "Polygon", "coordinates": [ [ [ 2641174.571437724400312, 1158406.759968989994377 ], [ 2641194.24677599221468, 1158398.279010702157393 ], [ 2641185.930842385161668, 1158385.704554566647857 ], [ 2641182.402650704141706, 1158380.366570141399279 ], [ 2641156.967171097639948, 1158379.181004793848842 ], [ 2641158.810249044094235, 1158382.07286593480967 ], [ 2641174.571437724400312, 1158406.759968989994377 ] ] ] } },
{ "type": "Feature", "properties": { "osm_id": 230145442, "osm_typ": "way", "name": null, "art": "station", "kapazitaet": null, "belegung": null, "osm_typ_2": "way", "name_2": "Bivio", "landuse": "winter_sports", "matching_id": 30032, "osm_id_2": 909260 }, "geometry": { "type": "Polygon", "coordinates": [ [ [ 2769787.213269245810807, 1148686.188466298161075 ], [ 2769789.48602672945708, 1148691.701781272422522 ], [ 2769795.199853081256151, 1148689.360657994402573 ], [ 2769793.746946227736771, 1148685.838854131055996 ], [ 2769795.806996990460902, 1148684.996137168025598 ], [ 2769792.534348067361861, 1148677.063636358361691 ], [ 2769784.760460152756423, 1148680.247482192702591 ], [ 2769787.213269245810807, 1148686.188466298161075 ] ] ] } },
{ "type": "Feature", "properties": { "osm_id": 216656230, "osm_typ": "way", "name": null, "art": "station", "kapazitaet": null, "belegung": null, "osm_typ_2": "way", "name_2": "Junker - St. Antönien", "landuse": "winter_sports", "matching_id": 30138, "osm_id_2": 909060 }, "geometry": { "type": "Polygon", "coordinates": [ [ [ 2780446.304589346051216, 1204651.044285426149145 ], [ 2780442.207948361523449, 1204642.500904735643417 ], [ 2780453.316387227736413, 1204637.209004073403776 ], [ 2780457.413016652688384, 1204645.752392314374447 ], [ 2780446.304589346051216, 1204651.044285426149145 ] ] ] } },
{ "type": "Feature", "properties": { "osm_id": 218089969, "osm_typ": "way", "name": null, "art": "station", "kapazitaet": null, "belegung": null, "osm_typ_2": "way", "name_2": "Dreieck – Glarus", "landuse": "winter_sports", "matching_id": null, "osm_id_2": null }, "geometry": { "type": "Polygon", "coordinates": [ [ [ 2723585.259994247928262, 1210596.898360370658338 ], [ 2723586.566721499431878, 1210603.908582146512344 ], [ 2723598.451017173007131, 1210601.619676342001185 ], [ 2723597.135091132018715, 1210594.68709848774597 ], [ 2723585.259994247928262, 1210596.898360370658338 ] ] ] } },
{ "type": "Feature", "properties": { "osm_id": 1391123654, "osm_typ": "way", "name": null, "art": "station", "kapazitaet": null, "belegung": null, "osm_typ_2": "way", "name_2": "Pontresina", "landuse": "winter_sports", "matching_id": 30150, "osm_id_2": 909101 }, "geometry": { "type": "Polygon", "coordinates": [ [ [ 2789775.608321708627045, 1151888.449977787677199 ], [ 2789777.049517787527293, 1151878.797016619471833 ], [ 2789783.892476513050497, 1151879.813540956936777 ], [ 2789782.451269570738077, 1151889.466500488342717 ], [ 2789775.608321708627045, 1151888.449977787677199 ] ] ] } },
{ "type": "Feature", "properties": { "osm_id": 207875824, "osm_typ": "way", "name": null, "art": "station", "kapazitaet": null, "belegung": null, "osm_typ_2": "way", "name_2": "Glacier 3000", "landuse": "winter_sports", "matching_id": 30103, "osm_id_2": 909148 }, "geometry": { "type": "Polygon", "coordinates": [ [ [ 2584315.959915479179472, 1134927.806420915294439 ], [ 2584316.268145754933357, 1134927.96124770399183 ], [ 2584317.140334741678089, 1134926.00245701847598 ], [ 2584312.347719732206315, 1134923.736080723581836 ], [ 2584312.990404631942511, 1134922.30036684917286 ], [ 2584311.218325018882751, 1134921.50460401806049 ], [ 2584310.506118666380644, 1134922.840450731106102 ], [ 2584311.739157402422279, 1134923.504222782328725 ], [ 2584308.615965014789253, 1134929.871049499604851 ], [ 2584313.617083396762609, 1134932.414792019641027 ], [ 2584315.959915479179472, 1134927.806420915294439 ] ] ] } },
{ "type": "Feature", "properties": { "osm_id": 207876462, "osm_typ": "way", "name": "Oldenalp", "art": "station", "kapazitaet": null, "belegung": null, "osm_typ_2": "way", "name_2": "Glacier 3000", "landuse": "winter_sports", "matching_id": 30103, "osm_id_2": 909148 }, "geometry": { "type": "Polygon", "coordinates": [ [ [ 2585234.116277524735779, 1132976.280813126824796 ], [ 2585242.801730500534177, 1132970.812357419636101 ], [ 2585243.914376074448228, 1132969.353355846367776 ], [ 2585244.210177320986986, 1132967.551748276222497 ], [ 2585243.636230111122131, 1132965.807860309258103 ], [ 2585242.309043187648058, 1132964.543834747746587 ], [ 2585240.544921510852873, 1132964.036808493547142 ], [ 2585238.752165518701077, 1132964.408060440095142 ], [ 2585230.059008858632296, 1132969.876540912082419 ], [ 2585229.111307359300554, 1132972.669125199085101 ], [ 2585231.306093566585332, 1132976.132090970175341 ], [ 2585234.116277524735779, 1132976.280813126824796 ] ] ] } },
{ "type": "Feature", "properties": { "osm_id": 207876463, "osm_typ": "way", "name": "Oldenegg", "art": "station", "kapazitaet": null, "belegung": null, "osm_typ_2": "way", "name_2": "Glacier 3000", "landuse": "winter_sports", "matching_id": 30103, "osm_id_2": 909148 }, "geometry": { "type": "Polygon", "coordinates": [ [ [ 2584623.670128340832889, 1133340.356553056975827 ], [ 2584634.966580010950565, 1133332.879557767882943 ], [ 2584635.696993968915194, 1133329.531607649987563 ], [ 2584633.56428504223004, 1133326.346613000147045 ], [ 2584630.793817585799843, 1133326.620498177595437 ], [ 2584619.497359310276806, 1133334.097501283511519 ], [ 2584618.508151059038937, 1133335.57853550161235 ], [ 2584618.297115116845816, 1133337.335490947356448 ], [ 2584618.909497228451073, 1133339.001405489398167 ], [ 2584620.213497921824455, 1133340.209770659450442 ], [ 2584621.923622094094753, 1133340.694520564982668 ], [ 2584623.670128340832889, 1133340.356553056975827 ] ] ] } },
{ "type": "Feature", "properties": { "osm_id": 207876472, "osm_typ": "way", "name": "Reusch", "art": "station", "kapazitaet": null, "belegung": null, "osm_typ_2": "way", "name_2": "Glacier 3000", "landuse": "winter_sports", "matching_id": 30103, "osm_id_2": 909148 }, "geometry": { "type": "Polygon", "coordinates": [ [ [ 2584380.074374313931912, 1134901.948977570049465 ], [ 2584370.759538383688778, 1134900.772623664466664 ], [ 2584370.827323669102043, 1134900.205503140110523 ], [ 2584369.095227905083448, 1134899.987679927609861 ], [ 2584369.01977608166635, 1134900.565936975413933 ], [ 2584359.774225461296737, 1134899.400536244735122 ], [ 2584360.060724938753992, 1134897.120897099841386 ], [ 2584356.319429909344763, 1134896.663746031466872 ], [ 2584355.994395743124187, 1134898.921252632746473 ], [ 2584359.643515505827963, 1134899.445342844352126 ], [ 2584358.365999601781368, 1134908.297444880707189 ], [ 2584363.000471310224384, 1134908.94125295849517 ], [ 2584363.271753947250545, 1134906.72835289943032 ], [ 2584374.634253869298846, 1134908.143931499682367 ], [ 2584374.355271514039487, 1134910.356851069722325 ], [ 2584378.966450650244951, 1134910.922916147625074 ], [ 2584380.074374313931912, 1134901.948977570049465 ] ] ] } },
{ "type": "Feature", "properties": { "osm_id": 420516125, "osm_typ": "way", "name": "Talstation Trübsee (Bitzistock)", "art": "station", "kapazitaet": null, "belegung": null, "osm_typ_2": "way", "name_2": "Engelberg-Titlis", "landuse": "winter_sports", "matching_id": 30086, "osm_id_2": 909198 }, "geometry": { "type": "Polygon", "coordinates": [ [ [ 2672527.185647216625512, 1183295.913071427494287 ], [ 2672542.508997521363199, 1183292.140712539898232 ], [ 2672544.488644781988114, 1183300.158256059978157 ], [ 2672535.865827782079577, 1183302.288496836321428 ], [ 2672535.137832887936383, 1183299.355747316265479 ], [ 2672528.444949512835592, 1183300.997953617479652 ], [ 2672527.185647216625512, 1183295.913071427494287 ] ] ] } },
{ "type": "Feature", "properties": { "osm_id": 269403333, "osm_typ": "way", "name": null, "art": "station", "kapazitaet": null, "belegung": null, "osm_typ_2": "way", "name_2": "Skilift Oberholz-Farner", "landuse": "winter_sports", "matching_id": 30289, "osm_id_2": 909283 }, "geometry": { "type": "Polygon", "coordinates": [ [ [ 2713911.820343697443604, 1238598.736722439294681 ], [ 2713916.654639765620232, 1238601.520562782883644 ], [ 2713919.190105581190437, 1238597.14348560012877 ], [ 2713917.117671178653836, 1238595.924981335178018 ], [ 2713914.355807017534971, 1238594.359643223695457 ], [ 2713911.820343697443604, 1238598.736722439294681 ] ] ] } },
{ "type": "Feature", "properties": { "osm_id": 269403335, "osm_typ": "way", "name": null, "art": "station", "kapazitaet": null, "belegung": null, "osm_typ_2": "way", "name_2": "Skilift Oberholz-Farner", "landuse": "winter_sports", "matching_id": 30289, "osm_id_2": 909283 }, "geometry": { "type": "Polygon", "coordinates": [ [ [ 2713757.403767036274076, 1238503.956806248053908 ], [ 2713758.869382958859205, 1238503.28434462309815 ], [ 2713765.704948177561164, 1238507.852260281099007 ], [ 2713770.829629596788436, 1238500.233250588411465 ], [ 2713769.47033560089767, 1238499.306471602292731 ], [ 2713765.690651676617563, 1238490.838427465641871 ], [ 2713753.867590671870857, 1238496.205116195138544 ], [ 2713757.403767036274076, 1238503.956806248053908 ] ] ] } },
{ "type": "Feature", "properties": { "osm_id": 98244948, "osm_typ": "way", "name": null, "art": "station", "kapazitaet": null, "belegung": null, "osm_typ_2": "way", "name_2": "La Martinaux", "landuse": "winter_sports", "matching_id": 30158, "osm_id_2": 909191 }, "geometry": { "type": "Polygon", "coordinates": [ [ [ 2569445.010504125617445, 1118525.960807140916586 ], [ 2569448.038902712985873, 1118531.214790163328871 ], [ 2569459.12655516108498, 1118524.866622781381011 ], [ 2569457.585126939229667, 1118522.195299328304827 ], [ 2569456.098163108341396, 1118519.612634194083512 ], [ 2569445.010504125617445, 1118525.960807140916586 ] ] ] } },
{ "type": "Feature", "properties": { "osm_id": 199566266, "osm_typ": "way", "name": null, "art": "station", "kapazitaet": null, "belegung": null, "osm_typ_2": "way", "name_2": "Bischofsberg", "landuse": "winter_sports", "matching_id": 30031, "osm_id_2": 909123 }, "geometry": { "type": "Polygon", "coordinates": [ [ [ 2757965.883715499192476, 1256002.129194956505671 ], [ 2757980.592481787782162, 1256003.523000556742772 ], [ 2757981.075023165438324, 1255998.452947093173862 ], [ 2757971.898633755277842, 1255997.596159778069705 ], [ 2757972.130430325865746, 1255995.133175461320207 ], [ 2757966.597741782665253, 1255994.607270262902603 ], [ 2757965.883715499192476, 1256002.129194956505671 ] ] ] } },
{ "type": "Feature", "properties": { "osm_id": 244877181, "osm_typ": "way", "name": "Skilift Dossen", "art": "station", "kapazitaet": null, "belegung": null, "osm_typ_2": "way", "name_2": "Engstligenalp", "landuse": "winter_sports", "matching_id": 30087, "osm_id_2": 909115 }, "geometry": { "type": "Polygon", "coordinates": [ [ [ 2609985.786750190425664, 1142941.580781090538949 ], [ 2609995.196093534585088, 1142949.44454444036819 ], [ 2610006.985647411551327, 1142935.357089547906071 ], [ 2610001.889570322353393, 1142931.091055703349411 ], [ 2609999.964431704487652, 1142933.389006062643602 ], [ 2609995.651177558116615, 1142929.780143037205562 ], [ 2609985.786750190425664, 1142941.580781090538949 ] ] ] } },
{ "type": "Feature", "properties": { "osm_id": 629231299, "osm_typ": "way", "name": "Gütsch", "art": "station", "kapazitaet": null, "belegung": null, "osm_typ_2": "relation", "name_2": "Andermatt+Disentis+Sedrun", "landuse": "winter_sports", "matching_id": 30013, "osm_id_2": 909285 }, "geometry": { "type": "Polygon", "coordinates": [ [ [ 2690591.773079665377736, 1167916.716050965478644 ], [ 2690572.07325802417472, 1167934.163089421810582 ], [ 2690565.275470019783825, 1167926.544868220575154 ], [ 2690584.975463563110679, 1167909.086692173732445 ], [ 2690591.773079665377736, 1167916.716050965478644 ] ] ] } },
{ "type": "Feature", "properties": { "osm_id": 41999637, "osm_typ": "way", "name": "Gemmipass", "art": "station", "kapazitaet": null, "belegung": null, "osm_typ_2": null, "name_2": null, "landuse": null, "matching_id": null, "osm_id_2": null }, "geometry": { "type": "Polygon", "coordinates": [ [ [ 2613661.349398126360029, 1138527.744185179239139 ], [ 2613667.519434269983321, 1138530.348248653113842 ], [ 2613667.078666063956916, 1138531.403326343977824 ], [ 2613673.241030075121671, 1138533.996261849766597 ], [ 2613671.895650724414736, 1138537.161441727541387 ], [ 2613678.28081968985498, 1138539.854933829978108 ], [ 2613674.213692182209343, 1138549.450449976604432 ], [ 2613662.050376718863845, 1138544.320529735414311 ], [ 2613657.179109055083245, 1138555.826290194178 ], [ 2613650.617205511778593, 1138553.06572315027006 ], [ 2613657.346297079697251, 1138536.239319267449901 ], [ 2613658.429173122160137, 1138533.518206341424957 ], [ 2613659.239859086461365, 1138532.130465326365083 ], [ 2613660.15862026065588, 1138530.56510329595767 ], [ 2613661.349398126360029, 1138527.744185179239139 ] ] ] } },
{ "type": "Feature", "properties": { "osm_id": 48707794, "osm_typ": "way", "name": "Skilift Sitzberg", "art": "station", "kapazitaet": null, "belegung": null, "osm_typ_2": null, "name_2": null, "landuse": null, "matching_id": null, "osm_id_2": null }, "geometry": { "type": "Polygon", "coordinates": [ [ [ 2711235.562951632775366, 1253505.503102044574916 ], [ 2711237.048564070370048, 1253505.564382439944893 ], [ 2711237.016344390809536, 1253506.475645233644173 ], [ 2711235.523187821730971, 1253506.414223060477525 ], [ 2711235.562951632775366, 1253505.503102044574916 ] ] ] } },
{ "type": "Feature", "properties": { "osm_id": 77124476, "osm_typ": "way", "name": null, "art": "station", "kapazitaet": null, "belegung": null, "osm_typ_2": null, "name_2": null, "landuse": null, "matching_id": null, "osm_id_2": null }, "geometry": { "type": "Polygon", "coordinates": [ [ [ 2647650.933211814146489, 1137380.302803308703005 ], [ 2647635.418852318078279, 1137405.371220601489767 ], [ 2647615.862572101410478, 1137392.799489800352603 ], [ 2647617.761176218744367, 1137390.068594475276768 ], [ 2647630.235173572320491, 1137371.05707538779825 ], [ 2647632.1272380691953, 1137368.18161379522644 ], [ 2647650.933211814146489, 1137380.302803308703005 ] ] ] } },
{ "type": "Feature", "properties": { "osm_id": 76345126, "osm_typ": "way", "name": null, "art": "station", "kapazitaet": null, "belegung": null, "osm_typ_2": null, "name_2": null, "landuse": null, "matching_id": null, "osm_id_2": null }, "geometry": { "type": "Polygon", "coordinates": [ [ [ 2734700.930793642066419, 1221622.941495697246864 ], [ 2734698.286528552416712, 1221621.747363955480978 ], [ 2734695.251614951062948, 1221620.377585659269243 ], [ 2734698.470156801398844, 1221613.300065412186086 ], [ 2734704.149341065436602, 1221615.863978488370776 ], [ 2734700.930793642066419, 1221622.941495697246864 ] ] ] } },
{ "type": "Feature", "properties": { "osm_id": 91560809, "osm_typ": "way", "name": null, "art": "station", "kapazitaet": null, "belegung": null, "osm_typ_2": null, "name_2": null, "landuse": null, "matching_id": null, "osm_id_2": null }, "geometry": { "type": "Polygon", "coordinates": [ [ [ 2746551.276620564982295, 1253409.167329842690378 ], [ 2746545.339171433355659, 1253409.932294262573123 ], [ 2746545.95264225685969, 1253414.729846683330834 ], [ 2746551.88981147389859, 1253413.975997823523358 ], [ 2746551.276620564982295, 1253409.167329842690378 ] ] ] } },
{ "type": "Feature", "properties": { "osm_id": 204960449, "osm_typ": "way", "name": null, "art": "station", "kapazitaet": null, "belegung": null, "osm_typ_2": null, "name_2": null, "landuse": null, "matching_id": null, "osm_id_2": null }, "geometry": { "type": "Polygon", "coordinates": [ [ [ 2726550.459255229216069, 1209800.181408246746287 ], [ 2726552.99424540810287, 1209809.353397317929193 ], [ 2726544.787927389144897, 1209811.603327681310475 ], [ 2726543.532063652295619, 1209807.00646193488501 ], [ 2726542.275726057589054, 1209802.43182595516555 ], [ 2726550.459255229216069, 1209800.181408246746287 ] ] ] } },
{ "type": "Feature", "properties": { "osm_id": 201020693, "osm_typ": "way", "name": null, "art": "station", "kapazitaet": null, "belegung": null, "osm_typ_2": null, "name_2": null, "landuse": null, "matching_id": null, "osm_id_2": null }, "geometry": { "type": "Polygon", "coordinates": [ [ [ 2714647.698255877010524, 1219130.036959813907743 ], [ 2714657.194141613319516, 1219132.032312096096575 ], [ 2714657.871294763870537, 1219128.798459454905242 ], [ 2714658.564481290522963, 1219125.520437684608623 ], [ 2714649.068371446803212, 1219123.536198615562171 ], [ 2714647.698255877010524, 1219130.036959813907743 ] ] ] } },
{ "type": "Feature", "properties": { "osm_id": 207876459, "osm_typ": "way", "name": "Luftseilbahn Gsteig-Sanetsch", "art": "station", "kapazitaet": null, "belegung": null, "osm_typ_2": null, "name_2": null, "landuse": null, "matching_id": null, "osm_id_2": null }, "geometry": { "type": "Polygon", "coordinates": [ [ [ 2587821.889288472943008, 1136116.097770462743938 ], [ 2587832.546999467536807, 1136101.602405753452331 ], [ 2587827.245764440391213, 1136097.822425356600434 ], [ 2587817.04255251865834, 1136112.58367295213975 ], [ 2587821.889288472943008, 1136116.097770462743938 ] ] ] } },
{ "type": "Feature", "properties": { "osm_id": 168567385, "osm_typ": "way", "name": null, "art": "station", "kapazitaet": null, "belegung": null, "osm_typ_2": null, "name_2": null, "landuse": null, "matching_id": null, "osm_id_2": null }, "geometry": { "type": "Polygon", "coordinates": [ [ [ 2725011.807943063322455, 1210221.35055168881081 ], [ 2725002.884957537986338, 1210223.754350494127721 ], [ 2725003.054296927060932, 1210224.380603330908343 ], [ 2725004.126701156143099, 1210228.350576336728409 ], [ 2725005.367976636160165, 1210232.969032071297988 ], [ 2725006.151168391574174, 1210235.865451845340431 ], [ 2725006.270572840701789, 1210236.334982210770249 ], [ 2725015.186640861909837, 1210233.897684665862471 ], [ 2725013.486593709792942, 1210227.590534482849762 ], [ 2725011.807943063322455, 1210221.35055168881081 ] ] ] } },
{ "type": "Feature", "properties": { "osm_id": 166012141, "osm_typ": "way", "name": null, "art": "station", "kapazitaet": null, "belegung": null, "osm_typ_2": null, "name_2": null, "landuse": null, "matching_id": null, "osm_id_2": null }, "geometry": { "type": "Polygon", "coordinates": [ [ [ 2497125.627738013863564, 1142475.719015091657639 ], [ 2497137.652377813588828, 1142475.7359654661268 ], [ 2497137.667957256082445, 1142465.395840533543378 ], [ 2497125.650982812512666, 1142465.378758826758713 ], [ 2497125.627738013863564, 1142475.719015091657639 ] ] ] } },
{ "type": "Feature", "properties": { "osm_id": 169268958, "osm_typ": "way", "name": null, "art": "station", "kapazitaet": null, "belegung": null, "osm_typ_2": null, "name_2": null, "landuse": null, "matching_id": null, "osm_id_2": null }, "geometry": { "type": "Polygon", "coordinates": [ [ [ 2643029.62271374091506, 1262054.831252051051706 ], [ 2643037.258049576543272, 1262060.557468299986795 ], [ 2643025.451814986299723, 1262076.193831347394735 ], [ 2643026.822992016095668, 1262077.226749296765774 ], [ 2643017.991077069193125, 1262088.937522299122065 ], [ 2643007.605788154061884, 1262081.156566113000736 ], [ 2643016.567055577412248, 1262069.268814798910171 ], [ 2643017.953221786767244, 1262070.312958609778434 ], [ 2643029.62271374091506, 1262054.831252051051706 ] ] ] } },
{ "type": "Feature", "properties": { "osm_id": 169268951, "osm_typ": "way", "name": null, "art": "station", "kapazitaet": null, "belegung": null, "osm_typ_2": null, "name_2": null, "landuse": null, "matching_id": null, "osm_id_2": null }, "geometry": { "type": "Polygon", "coordinates": [ [ [ 2643813.130012720357627, 1261020.880192005075514 ], [ 2643818.535574261564761, 1261024.567236287053674 ], [ 2643825.789947042707354, 1261015.681324159959331 ], [ 2643836.208869196940213, 1261006.829983238363639 ], [ 2643833.098411226645112, 1261000.513613674789667 ], [ 2643826.164465818088502, 1260999.706163567025214 ], [ 2643820.015177584253252, 1261011.991539140930399 ], [ 2643813.130012720357627, 1261020.880192005075514 ] ] ] } },
{ "type": "Feature", "properties": { "osm_id": 169453033, "osm_typ": "way", "name": "Gossalp", "art": "station", "kapazitaet": null, "belegung": null, "osm_typ_2": null, "name_2": null, "landuse": null, "matching_id": null, "osm_id_2": null }, "geometry": { "type": "Polygon", "coordinates": [ [ [ 2681016.109795945696533, 1192149.227448569843546 ], [ 2681019.31812256667763, 1192148.203578354325145 ], [ 2681021.001312722451985, 1192153.396225002361462 ], [ 2681017.800460611004382, 1192154.431313480949029 ], [ 2681016.944296960253268, 1192151.784762437921017 ], [ 2681016.109795945696533, 1192149.227448569843546 ] ] ] } },
{ "type": "Feature", "properties": { "osm_id": 169453032, "osm_typ": "way", "name": "Oberalp (Gossalp)", "art": "station", "kapazitaet": null, "belegung": null, "osm_typ_2": null, "name_2": null, "landuse": null, "matching_id": null, "osm_id_2": null }, "geometry": { "type": "Polygon", "coordinates": [ [ [ 2680405.468944030348212, 1192349.205117888748646 ], [ 2680413.752344998065382, 1192346.637044627219439 ], [ 2680412.283311672508717, 1192341.925524312537163 ], [ 2680403.999904890079051, 1192344.493599598063156 ], [ 2680405.468944030348212, 1192349.205117888748646 ] ] ] } },
{ "type": "Feature", "properties": { "osm_id": 173948336, "osm_typ": "way", "name": "Talstation Engelberg (Fürenalp)", "art": "station", "kapazitaet": null, "belegung": null, "osm_typ_2": null, "name_2": null, "landuse": null, "matching_id": null, "osm_id_2": null }, "geometry": { "type": "Polygon", "coordinates": [ [ [ 2677134.251162340864539, 1183893.801339523168281 ], [ 2677134.325770202558488, 1183899.272228298708797 ], [ 2677136.921893574763089, 1183899.238951355451718 ], [ 2677136.961438260041177, 1183902.096719786990434 ], [ 2677151.744326692074537, 1183901.886857594829053 ], [ 2677151.639593549072742, 1183894.014148460933939 ], [ 2677149.738369601778686, 1183894.034133168170229 ], [ 2677149.710420483257622, 1183892.05481543415226 ], [ 2677149.680278340820223, 1183889.652995327487588 ], [ 2677138.768794764298946, 1183889.80153721710667 ], [ 2677138.825129684060812, 1183893.726824895478785 ], [ 2677134.251162340864539, 1183893.801339523168281 ] ] ] } },
{ "type": "Feature", "properties": { "osm_id": 173776845, "osm_typ": "way", "name": "Bergstation Fürenalp", "art": "station", "kapazitaet": null, "belegung": null, "osm_typ_2": null, "name_2": null, "landuse": null, "matching_id": null, "osm_id_2": null }, "geometry": { "type": "Polygon", "coordinates": [ [ [ 2678602.744017045479268, 1183852.843410667730495 ], [ 2678602.755246341694146, 1183860.714942406630144 ], [ 2678590.608669055625796, 1183860.722337004728615 ], [ 2678590.574670056346804, 1183852.839388989377767 ], [ 2678591.99458926403895, 1183852.846900291042402 ], [ 2678598.209026963450015, 1183852.850612111855298 ], [ 2678602.744017045479268, 1183852.843410667730495 ] ] ] } },
{ "type": "Feature", "properties": { "osm_id": 196958283, "osm_typ": "way", "name": "Bergstation Skilift Vögelinsegg", "art": "station", "kapazitaet": null, "belegung": null, "osm_typ_2": null, "name_2": null, "landuse": null, "matching_id": null, "osm_id_2": null }, "geometry": { "type": "Polygon", "coordinates": [ [ [ 2750377.434541955590248, 1253208.62681590183638 ], [ 2750382.657399922609329, 1253204.822351937182248 ], [ 2750378.680217076092958, 1253199.416130321100354 ], [ 2750373.457074769306928, 1253203.231712506618351 ], [ 2750377.434541955590248, 1253208.62681590183638 ] ] ] } },
{ "type": "Feature", "properties": { "osm_id": 180374218, "osm_typ": "way", "name": "Bergstation Regliberg", "art": "station", "kapazitaet": null, "belegung": null, "osm_typ_2": null, "name_2": null, "landuse": null, "matching_id": null, "osm_id_2": null }, "geometry": { "type": "Polygon", "coordinates": [ [ [ 2685860.910853418521583, 1169447.199310967465863 ], [ 2685863.514609941281378, 1169447.080896589905024 ], [ 2685863.292838358320296, 1169442.252603480359539 ], [ 2685860.689079749397933, 1169442.371017951751128 ], [ 2685860.910853418521583, 1169447.199310967465863 ] ] ] } },
{ "type": "Feature", "properties": { "osm_id": 331840942, "osm_typ": "way", "name": "Talstation Mettlen (Flüemattli)", "art": "station", "kapazitaet": null, "belegung": null, "osm_typ_2": null, "name_2": null, "landuse": null, "matching_id": null, "osm_id_2": null }, "geometry": { "type": "Polygon", "coordinates": [ [ [ 2670919.406295054126531, 1190118.393761148443446 ], [ 2670926.332806310616434, 1190115.663071736227721 ], [ 2670929.260310849174857, 1190122.824205492855981 ], [ 2670921.577579851262271, 1190126.30193241359666 ], [ 2670920.694684529677033, 1190124.223579661687836 ], [ 2670919.701099110301584, 1190121.832620083121583 ], [ 2670920.698038972914219, 1190121.366373741067946 ], [ 2670919.406295054126531, 1190118.393761148443446 ] ] ] } },
{ "type": "Feature", "properties": { "osm_id": 331831371, "osm_typ": "way", "name": "Vorderrugisbalm", "art": "station", "kapazitaet": null, "belegung": null, "osm_typ_2": null, "name_2": null, "landuse": null, "matching_id": null, "osm_id_2": null }, "geometry": { "type": "Polygon", "coordinates": [ [ [ 2670370.493751539383084, 1189564.213207736378536 ], [ 2670376.069110388401896, 1189560.965697462670505 ], [ 2670380.279088865965605, 1189558.380314278183505 ], [ 2670373.806187760084867, 1189547.798007164383307 ], [ 2670364.381087633315474, 1189553.47949900990352 ], [ 2670370.493751539383084, 1189564.213207736378536 ] ] ] } },
{ "type": "Feature", "properties": { "osm_id": 331895246, "osm_typ": "way", "name": null, "art": "station", "kapazitaet": null, "belegung": null, "osm_typ_2": null, "name_2": null, "landuse": null, "matching_id": null, "osm_id_2": null }, "geometry": { "type": "Polygon", "coordinates": [ [ [ 2671132.792869064956903, 1188274.81355777499266 ], [ 2671135.664793691132218, 1188271.945973257068545 ], [ 2671132.777254194486886, 1188269.065539611736313 ], [ 2671131.279544658958912, 1188270.559745856095105 ], [ 2671129.905329619068652, 1188271.933125503826886 ], [ 2671132.792869064956903, 1188274.81355777499266 ] ] ] } },
{ "type": "Feature", "properties": { "osm_id": 331840944, "osm_typ": "way", "name": "Bergstation Flüemattli", "art": "station", "kapazitaet": null, "belegung": null, "osm_typ_2": null, "name_2": null, "landuse": null, "matching_id": null, "osm_id_2": null }, "geometry": { "type": "Polygon", "coordinates": [ [ [ 2670161.662478709593415, 1190461.080922273918986 ], [ 2670166.256495780311525, 1190459.500487137585878 ], [ 2670165.031970685347915, 1190455.972944010747597 ], [ 2670160.438081587664783, 1190457.542263937182724 ], [ 2670161.662478709593415, 1190461.080922273918986 ] ] ] } },
{ "type": "Feature", "properties": { "osm_id": 332017062, "osm_typ": "way", "name": "Engstlenalp (Schaftal)", "art": "station", "kapazitaet": null, "belegung": null, "osm_typ_2": null, "name_2": null, "landuse": null, "matching_id": null, "osm_id_2": null }, "geometry": { "type": "Polygon", "coordinates": [ [ [ 2669808.906235328875482, 1180965.315114031080157 ], [ 2669810.593862179666758, 1180962.722148586064577 ], [ 2669815.119542733766139, 1180965.654303436633199 ], [ 2669814.22524727974087, 1180967.022461462998763 ], [ 2669813.424148360732943, 1180968.25829469342716 ], [ 2669808.906235328875482, 1180965.315114031080157 ] ] ] } },
{ "type": "Feature", "properties": { "osm_id": 331895249, "osm_typ": "way", "name": null, "art": "station", "kapazitaet": null, "belegung": null, "osm_typ_2": null, "name_2": null, "landuse": null, "matching_id": null, "osm_id_2": null }, "geometry": { "type": "Polygon", "coordinates": [ [ [ 2670750.816162612754852, 1187939.481175474124029 ], [ 2670752.982869089581072, 1187936.894133561290801 ], [ 2670755.619810304604471, 1187939.059887153794989 ], [ 2670754.490623087622225, 1187940.358424679376185 ], [ 2670753.353282888419926, 1187941.701336666243151 ], [ 2670750.816162612754852, 1187939.481175474124029 ] ] ] } },
{ "type": "Feature", "properties": { "osm_id": 332425263, "osm_typ": "way", "name": "Läger", "art": "station", "kapazitaet": null, "belegung": null, "osm_typ_2": null, "name_2": null, "landuse": null, "matching_id": null, "osm_id_2": null }, "geometry": { "type": "Polygon", "coordinates": [ [ [ 2679096.223460066597909, 1192176.465881478739902 ], [ 2679096.811656136997044, 1192174.072190892184153 ], [ 2679100.041256368160248, 1192174.870913246413693 ], [ 2679099.719155763275921, 1192176.167449273169041 ], [ 2679099.445583484601229, 1192177.253386759432033 ], [ 2679096.223460066597909, 1192176.465881478739902 ] ] ] } },
{ "type": "Feature", "properties": { "osm_id": 332425262, "osm_typ": "way", "name": "Vorderalp", "art": "station", "kapazitaet": null, "belegung": null, "osm_typ_2": null, "name_2": null, "landuse": null, "matching_id": null, "osm_id_2": null }, "geometry": { "type": "Polygon", "coordinates": [ [ [ 2680197.270092658232898, 1192463.682155777001753 ], [ 2680197.49409604864195, 1192462.895785400643945 ], [ 2680197.742456490639597, 1192461.998562208143994 ], [ 2680199.990582518279552, 1192462.629073011688888 ], [ 2680199.518218095880002, 1192464.312666402198374 ], [ 2680197.270092658232898, 1192463.682155777001753 ] ] ] } },
{ "type": "Feature", "properties": { "osm_id": 332693671, "osm_typ": "way", "name": "Alt Bergstation Oberifängi", "art": "station", "kapazitaet": null, "belegung": null, "osm_typ_2": null, "name_2": null, "landuse": null, "matching_id": null, "osm_id_2": null }, "geometry": { "type": "Polygon", "coordinates": [ [ [ 2673554.276017215568572, 1192843.977907500462607 ], [ 2673558.968237056396902, 1192849.839093298185617 ], [ 2673562.286142648197711, 1192847.200508977519348 ], [ 2673557.594060590490699, 1192841.328204489545897 ], [ 2673555.954366236459464, 1192842.631057856371626 ], [ 2673554.276017215568572, 1192843.977907500462607 ] ] ] } },
{ "type": "Feature", "properties": { "osm_id": 335577361, "osm_typ": "way", "name": null, "art": "station", "kapazitaet": null, "belegung": null, "osm_typ_2": null, "name_2": null, "landuse": null, "matching_id": null, "osm_id_2": null }, "geometry": { "type": "Polygon", "coordinates": [ [ [ 2614204.014789905399084, 1112482.889099616324529 ], [ 2614210.506591758690774, 1112481.425743896281347 ], [ 2614207.998841168358922, 1112470.36997078335844 ], [ 2614201.507028087042272, 1112471.833329202607274 ], [ 2614204.014789905399084, 1112482.889099616324529 ] ] ] } },
{ "type": "Feature", "properties": { "osm_id": 319992408, "osm_typ": "way", "name": null, "art": "station", "kapazitaet": null, "belegung": null, "osm_typ_2": null, "name_2": null, "landuse": null, "matching_id": null, "osm_id_2": null }, "geometry": { "type": "Polygon", "coordinates": [ [ [ 2737657.863676322624087, 1135742.11864700471051 ], [ 2737662.679731598589569, 1135739.559834230225533 ], [ 2737661.291454561520368, 1135736.970716267824173 ], [ 2737659.881359952501953, 1135734.325504207517952 ], [ 2737655.065301839727908, 1135736.884319216711447 ], [ 2737657.863676322624087, 1135742.11864700471051 ] ] ] } },
{ "type": "Feature", "properties": { "osm_id": 447887540, "osm_typ": "way", "name": null, "art": "station", "kapazitaet": null, "belegung": null, "osm_typ_2": null, "name_2": null, "landuse": null, "matching_id": null, "osm_id_2": null }, "geometry": { "type": "Polygon", "coordinates": [ [ [ 2716234.135321965906769, 1115106.803542588837445 ], [ 2716227.971429461147636, 1115099.980744231492281 ], [ 2716226.52519638184458, 1115101.287223713938147 ], [ 2716223.098116165027022, 1115104.390262016095221 ], [ 2716227.364384894724935, 1115109.075226217275485 ], [ 2716234.135321965906769, 1115106.803542588837445 ] ] ] } },
{ "type": "Feature", "properties": { "osm_id": 439538830, "osm_typ": "way", "name": null, "art": "station", "kapazitaet": null, "belegung": null, "osm_typ_2": null, "name_2": null, "landuse": null, "matching_id": null, "osm_id_2": null }, "geometry": { "type": "Polygon", "coordinates": [ [ [ 2696471.071397201623768, 1114715.07286432152614 ], [ 2696482.738857692107558, 1114718.138230768730864 ], [ 2696484.793473673984408, 1114710.3661401392892 ], [ 2696473.1182776899077, 1114707.300646754913032 ], [ 2696471.071397201623768, 1114715.07286432152614 ] ] ] } },
{ "type": "Feature", "properties": { "osm_id": 458824430, "osm_typ": "way", "name": "Chleinwäldli", "art": "station", "kapazitaet": null, "belegung": null, "osm_typ_2": null, "name_2": null, "landuse": null, "matching_id": null, "osm_id_2": null }, "geometry": { "type": "Polygon", "coordinates": [ [ [ 2683021.207635774742812, 1195967.470228672493249 ], [ 2683019.160897862166166, 1195971.655551329255104 ], [ 2683021.537274088244885, 1195972.811478959163651 ], [ 2683023.584013303741813, 1195968.626157111953944 ], [ 2683022.335268694441766, 1195968.019556591287255 ], [ 2683021.207635774742812, 1195967.470228672493249 ] ] ] } },
{ "type": "Feature", "properties": { "osm_id": 457042380, "osm_typ": "way", "name": null, "art": "station", "kapazitaet": null, "belegung": null, "osm_typ_2": null, "name_2": null, "landuse": null, "matching_id": null, "osm_id_2": null }, "geometry": { "type": "Polygon", "coordinates": [ [ [ 2681510.237543364521116, 1201062.2800532579422 ], [ 2681509.13213141867891, 1201056.817090502707288 ], [ 2681518.063538419548422, 1201055.01554508972913 ], [ 2681519.803711398504674, 1201063.611364111769944 ], [ 2681515.399130789097399, 1201064.496290779439732 ], [ 2681514.764359786175191, 1201061.363436623243615 ], [ 2681510.237543364521116, 1201062.2800532579422 ] ] ] } },
{ "type": "Feature", "properties": { "osm_id": 475557046, "osm_typ": "way", "name": "Oberstes Gschwent", "art": "station", "kapazitaet": null, "belegung": null, "osm_typ_2": null, "name_2": null, "landuse": null, "matching_id": null, "osm_id_2": null }, "geometry": { "type": "Polygon", "coordinates": [ [ [ 2665489.339295324869454, 1185229.310445840004832 ], [ 2665489.589967959560454, 1185228.023556113475934 ], [ 2665489.849244424141943, 1185226.647820448735729 ], [ 2665495.790219584014267, 1185227.768940508598462 ], [ 2665495.287777808960527, 1185230.442765011219308 ], [ 2665489.339295324869454, 1185229.310445840004832 ] ] ] } },
{ "type": "Feature", "properties": { "osm_id": 476041603, "osm_typ": "way", "name": "Stüri", "art": "station", "kapazitaet": null, "belegung": null, "osm_typ_2": null, "name_2": null, "landuse": null, "matching_id": null, "osm_id_2": null }, "geometry": { "type": "Polygon", "coordinates": [ [ [ 2666431.095667146611959, 1193006.076623988803476 ], [ 2666429.892395570408553, 1193004.606851343531162 ], [ 2666428.73411187203601, 1193003.204284348525107 ], [ 2666432.026490694843233, 1193000.505906990496442 ], [ 2666434.395543565042317, 1193003.389448828063905 ], [ 2666431.095667146611959, 1193006.076623988803476 ] ] ] } },
{ "type": "Feature", "properties": { "osm_id": 476041549, "osm_typ": "way", "name": "Mälchgaden", "art": "station", "kapazitaet": null, "belegung": null, "osm_typ_2": null, "name_2": null, "landuse": null, "matching_id": null, "osm_id_2": null }, "geometry": { "type": "Polygon", "coordinates": [ [ [ 2666932.123418636154383, 1189879.226729707792401 ], [ 2666927.149878010619432, 1189873.868017983157188 ], [ 2666932.528674487955868, 1189868.903012027265504 ], [ 2666937.502214572392404, 1189874.261728189187124 ], [ 2666934.689564195927233, 1189876.854025959270075 ], [ 2666932.123418636154383, 1189879.226729707792401 ] ] ] } },
{ "type": "Feature", "properties": { "osm_id": 476053325, "osm_typ": "way", "name": "Gräfimatt", "art": "station", "kapazitaet": null, "belegung": null, "osm_typ_2": null, "name_2": null, "landuse": null, "matching_id": null, "osm_id_2": null }, "geometry": { "type": "Polygon", "coordinates": [ [ [ 2667423.154101379215717, 1191888.500932743772864 ], [ 2667425.758916714694351, 1191883.316113475477323 ], [ 2667430.482080563437194, 1191885.670693656196818 ], [ 2667427.877262088470161, 1191890.855510879540816 ], [ 2667425.504310421645641, 1191889.672534373123199 ], [ 2667423.154101379215717, 1191888.500932743772864 ] ] ] } },
{ "type": "Feature", "properties": { "osm_id": 476053319, "osm_typ": "way", "name": "Chernserblacki", "art": "station", "kapazitaet": null, "belegung": null, "osm_typ_2": null, "name_2": null, "landuse": null, "matching_id": null, "osm_id_2": null }, "geometry": { "type": "Polygon", "coordinates": [ [ [ 2666972.72146086441353, 1192806.22821343364194 ], [ 2666974.82672561891377, 1192801.337783602066338 ], [ 2666976.230282839853317, 1192801.931614949833602 ], [ 2666977.595855360385031, 1192802.513903707731515 ], [ 2666975.482842497993261, 1192807.415363499661908 ], [ 2666972.72146086441353, 1192806.22821343364194 ] ] ] } },
{ "type": "Feature", "properties": { "osm_id": 476181900, "osm_typ": "way", "name": "Grün", "art": "station", "kapazitaet": null, "belegung": null, "osm_typ_2": null, "name_2": null, "landuse": null, "matching_id": null, "osm_id_2": null }, "geometry": { "type": "Polygon", "coordinates": [ [ [ 2666521.268259617965668, 1193640.851085968082771 ], [ 2666520.404364431742579, 1193639.718595881480724 ], [ 2666519.517854031641036, 1193638.563619127962738 ], [ 2666522.108162794262171, 1193636.602367190644145 ], [ 2666523.85856798896566, 1193638.889834782341495 ], [ 2666521.268259617965668, 1193640.851085968082771 ] ] ] } },
{ "type": "Feature", "properties": { "osm_id": 476181889, "osm_typ": "way", "name": "Arvihütte", "art": "station", "kapazitaet": null, "belegung": null, "osm_typ_2": null, "name_2": null, "landuse": null, "matching_id": null, "osm_id_2": null }, "geometry": { "type": "Polygon", "coordinates": [ [ [ 2667873.341683419886976, 1193819.10381042631343 ], [ 2667872.265704462304711, 1193817.879773353226483 ], [ 2667871.234691108111292, 1193816.722952807787806 ], [ 2667875.237836027517915, 1193813.199604609748349 ], [ 2667877.3372075506486, 1193815.580377148929983 ], [ 2667873.341683419886976, 1193819.10381042631343 ] ] ] } },
{ "type": "Feature", "properties": { "osm_id": 547919610, "osm_typ": "way", "name": null, "art": "station", "kapazitaet": null, "belegung": null, "osm_typ_2": null, "name_2": null, "landuse": null, "matching_id": null, "osm_id_2": null }, "geometry": { "type": "Polygon", "coordinates": [ [ [ 2694656.853597133886069, 1112817.064217658247799 ], [ 2694661.527776130009443, 1112819.52758556837216 ], [ 2694663.220170364249498, 1112816.529946491355076 ], [ 2694676.884326771833003, 1112817.188130637863651 ], [ 2694677.926343259401619, 1112817.248882422456518 ], [ 2694677.958544986788183, 1112816.671253290958703 ], [ 2694678.079470995813608, 1112812.392740435199812 ], [ 2694678.208385495468974, 1112807.602927694562823 ], [ 2694676.463501686230302, 1112807.531194635201246 ], [ 2694668.819893055595458, 1112807.222775198984891 ], [ 2694669.650777753908187, 1112805.468005008297041 ], [ 2694668.699972158763558, 1112805.008434201823547 ], [ 2694665.403046664781868, 1112803.400420173536986 ], [ 2694665.127073374111205, 1112803.262693903874606 ], [ 2694664.152215644717216, 1112804.837328798137605 ], [ 2694655.221354826819152, 1112799.394571541575715 ], [ 2694654.565521197859198, 1112800.329351321095601 ], [ 2694652.807101314421743, 1112799.145620974712074 ], [ 2694647.804212026763707, 1112808.328713461291045 ], [ 2694658.442802412901074, 1112814.242852269206196 ], [ 2694656.853597133886069, 1112817.064217658247799 ] ] ] } },
{ "type": "Feature", "properties": { "osm_id": 335888222, "osm_typ": "way", "name": null, "art": "station", "kapazitaet": null, "belegung": null, "osm_typ_2": null, "name_2": null, "landuse": null, "matching_id": null, "osm_id_2": null }, "geometry": { "type": "Polygon", "coordinates": [ [ [ 2613957.82208173442632, 1111828.117617363110185 ], [ 2613962.285840234719217, 1111832.074254715582356 ], [ 2613973.68831071909517, 1111828.60980029264465 ], [ 2613969.362316747196019, 1111818.483745940495282 ], [ 2613956.297945912461728, 1111822.377946299966425 ], [ 2613957.82208173442632, 1111828.117617363110185 ] ] ] } },
{ "type": "Feature", "properties": { "osm_id": 366559222, "osm_typ": "way", "name": "Gibel", "art": "station", "kapazitaet": null, "belegung": null, "osm_typ_2": null, "name_2": null, "landuse": null, "matching_id": null, "osm_id_2": null }, "geometry": { "type": "Polygon", "coordinates": [ [ [ 2707619.594723330345005, 1198825.943275150144473 ], [ 2707621.947287673130631, 1198826.841807144228369 ], [ 2707620.836666029877961, 1198829.723816328682005 ], [ 2707618.48450315091759, 1198828.803054308984429 ], [ 2707619.051735081709921, 1198827.334467138862237 ], [ 2707619.594723330345005, 1198825.943275150144473 ] ] ] } },
{ "type": "Feature", "properties": { "osm_id": 360347827, "osm_typ": "way", "name": "Bergstation Triftbahn", "art": "station", "kapazitaet": null, "belegung": null, "osm_typ_2": null, "name_2": null, "landuse": null, "matching_id": null, "osm_id_2": null }, "geometry": { "type": "Polygon", "coordinates": [ [ [ 2668640.261510021053255, 1172950.478829631116241 ], [ 2668633.743882105685771, 1172945.923974589677528 ], [ 2668627.997854483313859, 1172954.151864977320656 ], [ 2668626.176915058866143, 1172952.87477549072355 ], [ 2668623.721033985726535, 1172956.293095454573631 ], [ 2668625.640749495476484, 1172957.626900705276057 ], [ 2668619.610277047380805, 1172965.984955671010539 ], [ 2668623.90369736822322, 1172969.080216977745295 ], [ 2668625.238778559025377, 1172970.040462781442329 ], [ 2668626.057925834786147, 1172970.639052188722417 ], [ 2668640.261510021053255, 1172950.478829631116241 ] ] ] } },
{ "type": "Feature", "properties": { "osm_id": 383746300, "osm_typ": "way", "name": "Mettlen (Vorderrugisbalm)", "art": "station", "kapazitaet": null, "belegung": null, "osm_typ_2": null, "name_2": null, "landuse": null, "matching_id": null, "osm_id_2": null }, "geometry": { "type": "Polygon", "coordinates": [ [ [ 2670814.862919814884663, 1189911.712127247359604 ], [ 2670815.39000088442117, 1189910.995714600197971 ], [ 2670815.893942618276924, 1189910.301263565430418 ], [ 2670818.177497074473649, 1189911.962583680637181 ], [ 2670817.146474004723132, 1189913.373446973972023 ], [ 2670814.862919814884663, 1189911.712127247359604 ] ] ] } },
{ "type": "Feature", "properties": { "osm_id": 382621282, "osm_typ": "way", "name": "Bergmatt", "art": "station", "kapazitaet": null, "belegung": null, "osm_typ_2": null, "name_2": null, "landuse": null, "matching_id": null, "osm_id_2": null }, "geometry": { "type": "Polygon", "coordinates": [ [ [ 2664519.214174367953092, 1183902.006582390516996 ], [ 2664528.338396389503032, 1183901.860260898713022 ], [ 2664528.312351978383958, 1183900.025598478969187 ], [ 2664528.273076568730175, 1183898.001796644879505 ], [ 2664519.14884867053479, 1183898.148118235403672 ], [ 2664519.214174367953092, 1183902.006582390516996 ] ] ] } },
{ "type": "Feature", "properties": { "osm_id": 392448477, "osm_typ": "way", "name": null, "art": "station", "kapazitaet": null, "belegung": null, "osm_typ_2": null, "name_2": null, "landuse": null, "matching_id": null, "osm_id_2": null }, "geometry": { "type": "Polygon", "coordinates": [ [ [ 2643556.594210162758827, 1137067.458146866643801 ], [ 2643550.631601789966226, 1137056.831966533558443 ], [ 2643545.649422878399491, 1137059.608602108666673 ], [ 2643551.612037178128958, 1137070.234777516685426 ], [ 2643556.594210162758827, 1137067.458146866643801 ] ] ] } },
{ "type": "Feature", "properties": { "osm_id": 414062842, "osm_typ": "way", "name": null, "art": "station", "kapazitaet": null, "belegung": null, "osm_typ_2": null, "name_2": null, "landuse": null, "matching_id": null, "osm_id_2": null }, "geometry": { "type": "Polygon", "coordinates": [ [ [ 2725373.929982035420835, 1115429.667528512421995 ], [ 2725373.94094851706177, 1115426.89914278453216 ], [ 2725373.893398179206997, 1115424.718848795630038 ], [ 2725377.168710025958717, 1115424.697701213648543 ], [ 2725377.205291208345443, 1115429.646380947437137 ], [ 2725373.929982035420835, 1115429.667528512421995 ] ] ] } },
{ "type": "Feature", "properties": { "osm_id": 414874831, "osm_typ": "way", "name": null, "art": "station", "kapazitaet": null, "belegung": null, "osm_typ_2": null, "name_2": null, "landuse": null, "matching_id": null, "osm_id_2": null }, "geometry": { "type": "Polygon", "coordinates": [ [ [ 2754458.416435178369284, 1218336.364323696587235 ], [ 2754455.158077295869589, 1218335.501309458399191 ], [ 2754452.214634362142533, 1218333.623321599327028 ], [ 2754449.982855839189142, 1218330.951954133342952 ], [ 2754448.95738071994856, 1218328.033853294560686 ], [ 2754454.567227400373667, 1218322.563211246626452 ], [ 2754456.977905270177871, 1218323.315263730939478 ], [ 2754459.536896360572428, 1218325.083189202472568 ], [ 2754461.419280306436121, 1218327.756616527447477 ], [ 2754462.557711466681212, 1218331.589584131259471 ], [ 2754458.416435178369284, 1218336.364323696587235 ] ] ] } },
{ "type": "Feature", "properties": { "osm_id": 297808674, "osm_typ": "way", "name": null, "art": "station", "kapazitaet": null, "belegung": null, "osm_typ_2": null, "name_2": null, "landuse": null, "matching_id": null, "osm_id_2": null }, "geometry": { "type": "Polygon", "coordinates": [ [ [ 2755824.840987521689385, 1211849.548229922773317 ], [ 2755827.701086375396699, 1211849.200407809810713 ], [ 2755830.561476171016693, 1211848.841473596636206 ], [ 2755828.444530440960079, 1211831.81538399704732 ], [ 2755822.686038338579237, 1211832.521149155683815 ], [ 2755823.798349037766457, 1211841.447079395642504 ], [ 2755822.448362124618143, 1211841.611963405041024 ], [ 2755822.919965471606702, 1211845.383212132379413 ], [ 2755824.300341519527137, 1211845.219122771406546 ], [ 2755824.840987521689385, 1211849.548229922773317 ] ] ] } },
{ "type": "Feature", "properties": { "osm_id": 298638329, "osm_typ": "way", "name": "Rugisbalm (Eggen)", "art": "station", "kapazitaet": null, "belegung": null, "osm_typ_2": null, "name_2": null, "landuse": null, "matching_id": null, "osm_id_2": null }, "geometry": { "type": "Polygon", "coordinates": [ [ [ 2670452.496056305244565, 1189299.432314780075103 ], [ 2670463.164205700159073, 1189296.400478293420747 ], [ 2670465.12742580845952, 1189303.272072241874412 ], [ 2670454.444427623879164, 1189306.270377343287691 ], [ 2670453.499504467472434, 1189302.957308223238215 ], [ 2670452.496056305244565, 1189299.432314780075103 ] ] ] } },
{ "type": "Feature", "properties": { "osm_id": 298638298, "osm_typ": "way", "name": "Rugisbalm (Mettlen)", "art": "station", "kapazitaet": null, "belegung": null, "osm_typ_2": null, "name_2": null, "landuse": null, "matching_id": null, "osm_id_2": null }, "geometry": { "type": "Polygon", "coordinates": [ [ [ 2670431.735198711510748, 1189305.858581056585535 ], [ 2670435.591955426614732, 1189303.491432204842567 ], [ 2670439.548379625659436, 1189301.08098808885552 ], [ 2670432.109426862560213, 1189288.964134660549462 ], [ 2670424.296236404683441, 1189293.741737271659076 ], [ 2670431.735198711510748, 1189305.858581056585535 ] ] ] } },
{ "type": "Feature", "properties": { "osm_id": 298638337, "osm_typ": "way", "name": "Eggen", "art": "station", "kapazitaet": null, "belegung": null, "osm_typ_2": null, "name_2": null, "landuse": null, "matching_id": null, "osm_id_2": null }, "geometry": { "type": "Polygon", "coordinates": [ [ [ 2668957.077081867028028, 1189675.414836748735979 ], [ 2668958.847918027546257, 1189682.572763276752084 ], [ 2668968.607203038875014, 1189680.183744878740981 ], [ 2668967.725347646512091, 1189676.627056365134194 ], [ 2668966.836505842395127, 1189673.014699320541695 ], [ 2668957.077081867028028, 1189675.414836748735979 ] ] ] } },
{ "type": "Feature", "properties": { "osm_id": 298638336, "osm_typ": "way", "name": "Mettlen (Rugisbalm)", "art": "station", "kapazitaet": null, "belegung": null, "osm_typ_2": null, "name_2": null, "landuse": null, "matching_id": null, "osm_id_2": null }, "geometry": { "type": "Polygon", "coordinates": [ [ [ 2670817.17091927677393, 1189938.377403557766229 ], [ 2670824.147428385447711, 1189934.012886841781437 ], [ 2670818.997152706608176, 1189925.836032381979749 ], [ 2670815.501137118320912, 1189928.029318593908101 ], [ 2670812.020506503991783, 1189930.211671182885766 ], [ 2670817.17091927677393, 1189938.377403557766229 ] ] ] } },
{ "type": "Feature", "properties": { "osm_id": 299132739, "osm_typ": "way", "name": "Lehmattalpeli", "art": "station", "kapazitaet": null, "belegung": null, "osm_typ_2": null, "name_2": null, "landuse": null, "matching_id": null, "osm_id_2": null }, "geometry": { "type": "Polygon", "coordinates": [ [ [ 2672389.201768976636231, 1204750.248122743796557 ], [ 2672397.654965699184686, 1204747.648963935906067 ], [ 2672395.79529530974105, 1204741.656061867950484 ], [ 2672387.341956210322678, 1204744.266339619643986 ], [ 2672388.381782625801861, 1204747.603221005061641 ], [ 2672389.201768976636231, 1204750.248122743796557 ] ] ] } },
{ "type": "Feature", "properties": { "osm_id": 299130481, "osm_typ": "way", "name": "Boden", "art": "station", "kapazitaet": null, "belegung": null, "osm_typ_2": null, "name_2": null, "landuse": null, "matching_id": null, "osm_id_2": null }, "geometry": { "type": "Polygon", "coordinates": [ [ [ 2671712.799209222197533, 1204973.093457791255787 ], [ 2671720.64528894983232, 1204970.319283294724301 ], [ 2671719.784204034600407, 1204967.907459020614624 ], [ 2671718.915645687375218, 1204965.484427144750953 ], [ 2671711.06956048682332, 1204968.258603896712884 ], [ 2671712.799209222197533, 1204973.093457791255787 ] ] ] } },
{ "type": "Feature", "properties": { "osm_id": 273359434, "osm_typ": "way", "name": "Monte Tamaro", "art": "station", "kapazitaet": null, "belegung": null, "osm_typ_2": null, "name_2": null, "landuse": null, "matching_id": null, "osm_id_2": null }, "geometry": { "type": "Polygon", "coordinates": [ [ [ 2714446.835899394471198, 1109472.865867129294202 ], [ 2714454.69761946471408, 1109477.80638739024289 ], [ 2714452.62558987736702, 1109481.091721371281892 ], [ 2714461.10612999740988, 1109486.4219641671516 ], [ 2714463.185890553053468, 1109483.136779002379626 ], [ 2714470.71905649965629, 1109487.870982990367338 ], [ 2714488.999386597424746, 1109458.963221175596118 ], [ 2714477.669001441448927, 1109451.844628834631294 ], [ 2714475.485609886236489, 1109455.294631153577939 ], [ 2714470.298062459565699, 1109452.02788732224144 ], [ 2714464.887226365506649, 1109460.587089050328359 ], [ 2714457.529668463859707, 1109455.967394035076723 ], [ 2714446.835899394471198, 1109472.865867129294202 ] ] ] } },
{ "type": "Feature", "properties": { "osm_id": 276149234, "osm_typ": "way", "name": null, "art": "station", "kapazitaet": null, "belegung": null, "osm_typ_2": null, "name_2": null, "landuse": null, "matching_id": null, "osm_id_2": null }, "geometry": { "type": "Polygon", "coordinates": [ [ [ 2690318.747260779608041, 1133449.367517364677042 ], [ 2690317.42734799021855, 1133448.047003284096718 ], [ 2690316.509417077992111, 1133447.132739419583231 ], [ 2690320.550015544053167, 1133443.112951210001484 ], [ 2690322.787859306205064, 1133445.347730650100857 ], [ 2690318.747260779608041, 1133449.367517364677042 ] ] ] } },
{ "type": "Feature", "properties": { "osm_id": 276149233, "osm_typ": "way", "name": null, "art": "station", "kapazitaet": null, "belegung": null, "osm_typ_2": null, "name_2": null, "landuse": null, "matching_id": null, "osm_id_2": null }, "geometry": { "type": "Polygon", "coordinates": [ [ [ 2689729.798019928857684, 1134064.982814909890294 ], [ 2689744.980335482396185, 1134048.331703495467082 ], [ 2689742.298909830395132, 1134045.901545071043074 ], [ 2689739.59472220344469, 1134043.448814177885652 ], [ 2689724.412244679406285, 1134060.111054427921772 ], [ 2689729.798019928857684, 1134064.982814909890294 ] ] ] } },
{ "type": "Feature", "properties": { "osm_id": 277273246, "osm_typ": "way", "name": "Firnen", "art": "station", "kapazitaet": null, "belegung": null, "osm_typ_2": null, "name_2": null, "landuse": null, "matching_id": null, "osm_id_2": null }, "geometry": { "type": "Polygon", "coordinates": [ [ [ 2709993.491686779540032, 1194210.225574306910858 ], [ 2709994.241843117401004, 1194214.197682828409597 ], [ 2709998.94591956352815, 1194213.316892584087327 ], [ 2709998.57043400965631, 1194211.353068174561486 ], [ 2709998.195766207762063, 1194209.344783485634252 ], [ 2709993.491686779540032, 1194210.225574306910858 ] ] ] } },
{ "type": "Feature", "properties": { "osm_id": 291491900, "osm_typ": "way", "name": "Gelmersee", "art": "station", "kapazitaet": null, "belegung": null, "osm_typ_2": null, "name_2": null, "landuse": null, "matching_id": null, "osm_id_2": null }, "geometry": { "type": "Polygon", "coordinates": [ [ [ 2667539.211575167719275, 1162955.963869595667347 ], [ 2667557.645403435919434, 1162955.792998022399843 ], [ 2667557.582473294343799, 1162949.121906207175925 ], [ 2667539.148499685805291, 1162949.30389388022013 ], [ 2667539.282634691335261, 1162953.730089106597006 ], [ 2667539.211575167719275, 1162955.963869595667347 ] ] ] } },
{ "type": "Feature", "properties": { "osm_id": 310257907, "osm_typ": "way", "name": "Nägeliberg", "art": "station", "kapazitaet": null, "belegung": null, "osm_typ_2": null, "name_2": null, "landuse": null, "matching_id": null, "osm_id_2": null }, "geometry": { "type": "Polygon", "coordinates": [ [ [ 2705946.911368026863784, 1201404.81705773435533 ], [ 2705951.348709327168763, 1201403.594884604448453 ], [ 2705952.257298687007278, 1201406.8799421582371 ], [ 2705947.819959605578333, 1201408.10211462341249 ], [ 2705947.40495960554108, 1201406.604828156065196 ], [ 2705946.911368026863784, 1201404.81705773435533 ] ] ] } },
{ "type": "Feature", "properties": { "osm_id": 307800410, "osm_typ": "way", "name": null, "art": "station", "kapazitaet": null, "belegung": null, "osm_typ_2": null, "name_2": null, "landuse": null, "matching_id": null, "osm_id_2": null }, "geometry": { "type": "Polygon", "coordinates": [ [ [ 2694519.668696303851902, 1193187.818582721985877 ], [ 2694521.458743109833449, 1193179.708254160359502 ], [ 2694525.006467142142355, 1193180.487022343790159 ], [ 2694528.257838401477784, 1193181.205516482237726 ], [ 2694526.467782724183053, 1193189.315843028016388 ], [ 2694519.668696303851902, 1193187.818582721985877 ] ] ] } },
{ "type": "Feature", "properties": { "osm_id": 310537421, "osm_typ": "way", "name": "Schwarzenbach (Geitenberg)", "art": "station", "kapazitaet": null, "belegung": null, "osm_typ_2": null, "name_2": null, "landuse": null, "matching_id": null, "osm_id_2": null }, "geometry": { "type": "Polygon", "coordinates": [ [ [ 2707032.418172908946872, 1199757.303605445194989 ], [ 2707041.414821452461183, 1199765.214654448674992 ], [ 2707037.466202358249575, 1199769.680379083380103 ], [ 2707028.469555630348623, 1199761.769335969351232 ], [ 2707032.418172908946872, 1199757.303605445194989 ] ] ] } },
{ "type": "Feature", "properties": { "osm_id": 303692773, "osm_typ": "way", "name": null, "art": "station", "kapazitaet": null, "belegung": null, "osm_typ_2": null, "name_2": null, "landuse": null, "matching_id": null, "osm_id_2": null }, "geometry": { "type": "Polygon", "coordinates": [ [ [ 2770514.041094683110714, 1195876.501455797581002 ], [ 2770511.541036515496671, 1195861.516210993984714 ], [ 2770512.149832092225552, 1195861.555824948940426 ], [ 2770506.146407286636531, 1195854.188930297736079 ], [ 2770507.379519663285464, 1195853.189816162921488 ], [ 2770509.041762268170714, 1195851.847059111110866 ], [ 2770516.481206553056836, 1195860.989883497357368 ], [ 2770524.838601554743946, 1195859.604623841587454 ], [ 2770525.574483550153673, 1195864.007487346418202 ], [ 2770527.131640400737524, 1195873.293875402770936 ], [ 2770527.300848144572228, 1195874.310758980922401 ], [ 2770514.041094683110714, 1195876.501455797581002 ] ] ] } },
{ "type": "Feature", "properties": { "osm_id": 304198396, "osm_typ": "way", "name": null, "art": "station", "kapazitaet": null, "belegung": null, "osm_typ_2": null, "name_2": null, "landuse": null, "matching_id": null, "osm_id_2": null }, "geometry": { "type": "Polygon", "coordinates": [ [ [ 2578704.141111719422042, 1080308.768738090759143 ], [ 2578708.504649044480175, 1080304.173217613948509 ], [ 2578702.637924213893712, 1080298.646425104234368 ], [ 2578698.274387312121689, 1080303.241949816700071 ], [ 2578704.141111719422042, 1080308.768738090759143 ] ] ] } },
{ "type": "Feature", "properties": { "osm_id": 303692780, "osm_typ": "way", "name": null, "art": "station", "kapazitaet": null, "belegung": null, "osm_typ_2": null, "name_2": null, "landuse": null, "matching_id": null, "osm_id_2": null }, "geometry": { "type": "Polygon", "coordinates": [ [ [ 2769704.631147666834295, 1194895.28265945147723 ], [ 2769699.12970974529162, 1194888.965187336551026 ], [ 2769703.765216967556626, 1194884.95963428914547 ], [ 2769703.994468101300299, 1194885.210814852733165 ], [ 2769705.120018038898706, 1194884.241845173528418 ], [ 2769707.490343446843326, 1194886.967168251750991 ], [ 2769706.497789316345006, 1194887.817578102927655 ], [ 2769709.407268853858113, 1194891.158767659682781 ], [ 2769707.116812734398991, 1194893.140073812333867 ], [ 2769704.631147666834295, 1194895.28265945147723 ] ] ] } },
{ "type": "Feature", "properties": { "osm_id": 304313205, "osm_typ": "way", "name": "Militärseilbahn Stegentobel-Girenfürkli Talstation Z406", "art": "station", "kapazitaet": null, "belegung": null, "osm_typ_2": null, "name_2": null, "landuse": null, "matching_id": null, "osm_id_2": null }, "geometry": { "type": "Polygon", "coordinates": [ [ [ 2776256.613782648462802, 1209694.794637390878052 ], [ 2776260.314055860042572, 1209686.962876169243827 ], [ 2776265.348112907260656, 1209689.336117733502761 ], [ 2776261.647834287025034, 1209697.167875860119238 ], [ 2776256.613782648462802, 1209694.794637390878052 ] ] ] } },
{ "type": "Feature", "properties": { "osm_id": 305634635, "osm_typ": "way", "name": null, "art": "station", "kapazitaet": null, "belegung": null, "osm_typ_2": null, "name_2": null, "landuse": null, "matching_id": null, "osm_id_2": null }, "geometry": { "type": "Polygon", "coordinates": [ [ [ 2723148.235834620893002, 1124070.462998596951365 ], [ 2723154.760503040626645, 1124076.533305066870525 ], [ 2723159.199359085410833, 1124071.787013308610767 ], [ 2723158.245625332463533, 1124070.900324078742415 ], [ 2723152.674689712002873, 1124065.716702036559582 ], [ 2723150.640619702171534, 1124067.887926269788295 ], [ 2723148.235834620893002, 1124070.462998596951365 ] ] ] } },
{ "type": "Feature", "properties": { "osm_id": 306461628, "osm_typ": "way", "name": null, "art": "station", "kapazitaet": null, "belegung": null, "osm_typ_2": null, "name_2": null, "landuse": null, "matching_id": null, "osm_id_2": null }, "geometry": { "type": "Polygon", "coordinates": [ [ [ 2710764.463372160214931, 1194657.751026442740113 ], [ 2710763.282777731306851, 1194656.0613208275754 ], [ 2710762.02042849175632, 1194654.25891196122393 ], [ 2710766.282568787690252, 1194651.302430633688346 ], [ 2710768.725511271040887, 1194654.79454684513621 ], [ 2710764.463372160214931, 1194657.751026442740113 ] ] ] } },
{ "type": "Feature", "properties": { "osm_id": 305634643, "osm_typ": "way", "name": null, "art": "station", "kapazitaet": null, "belegung": null, "osm_typ_2": null, "name_2": null, "landuse": null, "matching_id": null, "osm_id_2": null }, "geometry": { "type": "Polygon", "coordinates": [ [ [ 2722888.776386817451566, 1123865.836367394775152 ], [ 2722892.913534123450518, 1123860.372147334273905 ], [ 2722900.267207327764481, 1123865.903074526460841 ], [ 2722898.103517782408744, 1123868.761115197557956 ], [ 2722896.130056859925389, 1123871.367289546644315 ], [ 2722888.776386817451566, 1123865.836367394775152 ] ] ] } },
{ "type": "Feature", "properties": { "osm_id": 306913205, "osm_typ": "way", "name": "Mälchberg", "art": "station", "kapazitaet": null, "belegung": null, "osm_typ_2": null, "name_2": null, "landuse": null, "matching_id": null, "osm_id_2": null }, "geometry": { "type": "Polygon", "coordinates": [ [ [ 2708046.688716526608914, 1198148.575871381210163 ], [ 2708047.246936845127493, 1198146.351079231593758 ], [ 2708047.846046533901244, 1198143.971362815937027 ], [ 2708056.270889482926577, 1198146.080643378663808 ], [ 2708055.113553303759545, 1198150.685150324366987 ], [ 2708046.688716526608914, 1198148.575871381210163 ] ] ] } },
{ "type": "Feature", "properties": { "osm_id": 306461629, "osm_typ": "way", "name": "Läcki (Urnerboden)", "art": "station", "kapazitaet": null, "belegung": null, "osm_typ_2": null, "name_2": null, "landuse": null, "matching_id": null, "osm_id_2": null }, "geometry": { "type": "Polygon", "coordinates": [ [ [ 2710736.742968248203397, 1194668.812217575497925 ], [ 2710736.377023553475738, 1194666.348167991964146 ], [ 2710741.788235478568822, 1194665.547778488369659 ], [ 2710741.96410215087235, 1194666.75187465059571 ], [ 2710742.154383915476501, 1194668.000713345827535 ], [ 2710736.742968248203397, 1194668.812217575497925 ] ] ] } },
{ "type": "Feature", "properties": { "osm_id": 307080350, "osm_typ": "way", "name": null, "art": "station", "kapazitaet": null, "belegung": null, "osm_typ_2": null, "name_2": null, "landuse": null, "matching_id": null, "osm_id_2": null }, "geometry": { "type": "Polygon", "coordinates": [ [ [ 2721721.8478240869008, 1212824.456802083877847 ], [ 2721721.011677301954478, 1212828.932049244409427 ], [ 2721720.175985669251531, 1212833.385066598420963 ], [ 2721702.13239689450711, 1212829.791876871138811 ], [ 2721703.795250816270709, 1212820.930142096243799 ], [ 2721713.756271063350141, 1212822.879349645692855 ], [ 2721721.8478240869008, 1212824.456802083877847 ] ] ] } },
{ "type": "Feature", "properties": { "osm_id": 306913210, "osm_typ": "way", "name": "Geitenberg", "art": "station", "kapazitaet": null, "belegung": null, "osm_typ_2": null, "name_2": null, "landuse": null, "matching_id": null, "osm_id_2": null }, "geometry": { "type": "Polygon", "coordinates": [ [ [ 2708358.721181605942547, 1200922.349127704044804 ], [ 2708360.837271220982075, 1200919.863533613970503 ], [ 2708363.295526293572038, 1200916.983868587762117 ], [ 2708369.81182696018368, 1200922.505901319673285 ], [ 2708365.229868963826448, 1200927.87101737014018 ], [ 2708358.721181605942547, 1200922.349127704044804 ] ] ] } },
{ "type": "Feature", "properties": { "osm_id": 307799631, "osm_typ": "way", "name": null, "art": "station", "kapazitaet": null, "belegung": null, "osm_typ_2": null, "name_2": null, "landuse": null, "matching_id": null, "osm_id_2": null }, "geometry": { "type": "Polygon", "coordinates": [ [ [ 2694753.415933089330792, 1195737.778596424730495 ], [ 2694757.083131273742765, 1195734.768054272979498 ], [ 2694758.361498578451574, 1195736.322656421223655 ], [ 2694759.557652759365737, 1195737.775890101445839 ], [ 2694755.883013278711587, 1195740.77519438858144 ], [ 2694753.415933089330792, 1195737.778596424730495 ] ] ] } },
{ "type": "Feature", "properties": { "osm_id": 307795430, "osm_typ": "way", "name": null, "art": "station", "kapazitaet": null, "belegung": null, "osm_typ_2": null, "name_2": null, "landuse": null, "matching_id": null, "osm_id_2": null }, "geometry": { "type": "Polygon", "coordinates": [ [ [ 2722207.282291275914758, 1212914.9531543222256 ], [ 2722206.369674015324563, 1212919.804840819444507 ], [ 2722205.43153464095667, 1212924.789439759217203 ], [ 2722223.864698425866663, 1212928.258720274083316 ], [ 2722225.715484750457108, 1212918.422440510476008 ], [ 2722207.282291275914758, 1212914.9531543222256 ] ] ] } },
{ "type": "Feature", "properties": { "osm_id": 1078057568, "osm_typ": "way", "name": null, "art": "station", "kapazitaet": null, "belegung": null, "osm_typ_2": null, "name_2": null, "landuse": null, "matching_id": null, "osm_id_2": null }, "geometry": { "type": "Polygon", "coordinates": [ [ [ 2716046.34217116329819, 1114907.204107220517471 ], [ 2716048.624118577688932, 1114909.849577367305756 ], [ 2716050.571748047601432, 1114908.174629504559562 ], [ 2716051.254984132945538, 1114907.587316032499075 ], [ 2716048.965102897025645, 1114904.952811473049223 ], [ 2716046.34217116329819, 1114907.204107220517471 ] ] ] } },
{ "type": "Feature", "properties": { "osm_id": 1078057555, "osm_typ": "way", "name": null, "art": "station", "kapazitaet": null, "belegung": null, "osm_typ_2": null, "name_2": null, "landuse": null, "matching_id": null, "osm_id_2": null }, "geometry": { "type": "Polygon", "coordinates": [ [ [ 2715120.78467625612393, 1115123.77702415548265 ], [ 2715122.105341776274145, 1115122.968233725521713 ], [ 2715121.003967072349042, 1115121.179449481191114 ], [ 2715119.683090075384825, 1115121.999354696366936 ], [ 2715120.78467625612393, 1115123.77702415548265 ] ] ] } },
{ "type": "Feature", "properties": { "osm_id": 1173683107, "osm_typ": "way", "name": null, "art": "station", "kapazitaet": null, "belegung": null, "osm_typ_2": null, "name_2": null, "landuse": null, "matching_id": null, "osm_id_2": null }, "geometry": { "type": "Polygon", "coordinates": [ [ [ 2690688.397823034320027, 1196278.347250279271975 ], [ 2690688.561467849183828, 1196283.630915046436712 ], [ 2690693.90476227318868, 1196283.478504599770531 ], [ 2690693.741290835198015, 1196278.183723966823891 ], [ 2690688.397823034320027, 1196278.347250279271975 ] ] ] } },
{ "type": "Feature", "properties": { "osm_id": 1235862994, "osm_typ": "way", "name": null, "art": "station", "kapazitaet": null, "belegung": null, "osm_typ_2": null, "name_2": null, "landuse": null, "matching_id": null, "osm_id_2": null }, "geometry": { "type": "Polygon", "coordinates": [ [ [ 2734907.122176364064217, 1157784.575977713800967 ], [ 2734907.126700237393379, 1157768.986755857942626 ], [ 2734916.829743252601475, 1157768.982028763275594 ], [ 2734916.824944930151105, 1157784.582364363130182 ], [ 2734907.122176364064217, 1157784.575977713800967 ] ] ] } },
{ "type": "Feature", "properties": { "osm_id": 987343222, "osm_typ": "way", "name": "Bettmeralp Bergstation", "art": "station", "kapazitaet": null, "belegung": null, "osm_typ_2": null, "name_2": null, "landuse": null, "matching_id": null, "osm_id_2": null }, "geometry": { "type": "Polygon", "coordinates": [ [ [ 2647617.761176218744367, 1137390.068594475276768 ], [ 2647615.862572101410478, 1137392.799489800352603 ], [ 2647618.934835718944669, 1137401.22805325477384 ], [ 2647631.808996915351599, 1137409.511572468094528 ], [ 2647632.563402212224901, 1137412.374553709989414 ], [ 2647636.037189944181591, 1137425.486488847061992 ], [ 2647651.303474013227969, 1137428.930851187789813 ], [ 2647651.644683716353029, 1137427.610637311823666 ], [ 2647652.081008885521442, 1137425.93543448462151 ], [ 2647653.096683897543699, 1137422.008080842439085 ], [ 2647644.93680599052459, 1137413.917337696766481 ], [ 2647646.661448155064136, 1137411.785389353753999 ], [ 2647664.239885612390935, 1137392.269483255688101 ], [ 2647650.933211814146489, 1137380.302803308703005 ], [ 2647632.1272380691953, 1137368.18161379522644 ], [ 2647630.235173572320491, 1137371.05707538779825 ], [ 2647627.90752986073494, 1137369.660230363719165 ], [ 2647619.069733294192702, 1137383.141993354540318 ], [ 2647618.088651981670409, 1137384.635034039150923 ], [ 2647613.993954396806657, 1137381.968058825237677 ], [ 2647611.532905055675656, 1137385.783973503159359 ], [ 2647617.761176218744367, 1137390.068594475276768 ] ] ] } },
{ "type": "Feature", "properties": { "osm_id": 1300570908, "osm_typ": "way", "name": null, "art": "station", "kapazitaet": null, "belegung": null, "osm_typ_2": null, "name_2": null, "landuse": null, "matching_id": null, "osm_id_2": null }, "geometry": { "type": "Polygon", "coordinates": [ [ [ 2618246.13449765695259, 1147900.985473843291402 ], [ 2618246.856288529932499, 1147903.544466990046203 ], [ 2618247.22856805799529, 1147904.868464294122532 ], [ 2618253.023602462373674, 1147903.218474632129073 ], [ 2618251.875681429170072, 1147899.368670251918957 ], [ 2618246.13449765695259, 1147900.985473843291402 ] ] ] } },
{ "type": "Feature", "properties": { "osm_id": 663223209, "osm_typ": "way", "name": "Bolzbach", "art": "station", "kapazitaet": null, "belegung": null, "osm_typ_2": null, "name_2": null, "landuse": null, "matching_id": null, "osm_id_2": null }, "geometry": { "type": "Polygon", "coordinates": [ [ [ 2687904.35231070779264, 1194811.414876276860014 ], [ 2687904.696342266630381, 1194809.785562538076192 ], [ 2687905.040210566949099, 1194808.167364594293758 ], [ 2687913.990150861442089, 1194810.033396171638742 ], [ 2687913.302246308885515, 1194813.280906828353181 ], [ 2687904.35231070779264, 1194811.414876276860014 ] ] ] } },
{ "type": "Feature", "properties": { "osm_id": 665920827, "osm_typ": "way", "name": "Ober Bolgen", "art": "station", "kapazitaet": null, "belegung": null, "osm_typ_2": null, "name_2": null, "landuse": null, "matching_id": null, "osm_id_2": null }, "geometry": { "type": "Polygon", "coordinates": [ [ [ 2680628.872530036140233, 1196088.397716770181432 ], [ 2680630.431639085058123, 1196084.649740868015215 ], [ 2680633.447096636053175, 1196085.902277153218165 ], [ 2680635.659437059890479, 1196086.821559498785064 ], [ 2680634.100325243081897, 1196090.569534046109766 ], [ 2680628.872530036140233, 1196088.397716770181432 ] ] ] } },
{ "type": "Feature", "properties": { "osm_id": 663519772, "osm_typ": "way", "name": "Bauen (Hinterbergli)", "art": "station", "kapazitaet": null, "belegung": null, "osm_typ_2": null, "name_2": null, "landuse": null, "matching_id": null, "osm_id_2": null }, "geometry": { "type": "Polygon", "coordinates": [ [ [ 2686698.647860520984977, 1198902.332145653665066 ], [ 2686703.26213499205187, 1198900.286643666215241 ], [ 2686702.081963516771793, 1198897.645619176328182 ], [ 2686697.467687448952347, 1198899.691122060408816 ], [ 2686698.072518217377365, 1198901.045202411478385 ], [ 2686698.647860520984977, 1198902.332145653665066 ] ] ] } },
{ "type": "Feature", "properties": { "osm_id": 666614346, "osm_typ": "way", "name": "Talstation Chlital", "art": "station", "kapazitaet": null, "belegung": null, "osm_typ_2": null, "name_2": null, "landuse": null, "matching_id": null, "osm_id_2": null }, "geometry": { "type": "Polygon", "coordinates": [ [ [ 2685194.294824748300016, 1194753.528322148835286 ], [ 2685199.085675492417067, 1194750.50575589062646 ], [ 2685200.725645767524838, 1194753.075170945143327 ], [ 2685202.402760606724769, 1194755.711824423167855 ], [ 2685197.611753849312663, 1194758.745503892423585 ], [ 2685194.294824748300016, 1194753.528322148835286 ] ] ] } },
{ "type": "Feature", "properties": { "osm_id": 666070133, "osm_typ": "way", "name": "Weid (Sack)", "art": "station", "kapazitaet": null, "belegung": null, "osm_typ_2": null, "name_2": null, "landuse": null, "matching_id": null, "osm_id_2": null }, "geometry": { "type": "Polygon", "coordinates": [ [ [ 2684987.924854358658195, 1196323.30370715004392 ], [ 2684988.845123471692204, 1196323.416854842798784 ], [ 2684989.80332092801109, 1196323.541660083690658 ], [ 2684990.041893057525158, 1196321.766152358381078 ], [ 2684988.155966696329415, 1196321.516975171864033 ], [ 2684987.924854358658195, 1196323.30370715004392 ] ] ] } },
{ "type": "Feature", "properties": { "osm_id": 666752338, "osm_typ": "way", "name": "Chlital (Geisshittae)", "art": "station", "kapazitaet": null, "belegung": null, "osm_typ_2": null, "name_2": null, "landuse": null, "matching_id": null, "osm_id_2": null }, "geometry": { "type": "Polygon", "coordinates": [ [ [ 2685111.009422573260963, 1193511.585460617206991 ], [ 2685112.419437603093684, 1193508.38128472911194 ], [ 2685114.563330568838865, 1193509.312362151453272 ], [ 2685113.830383691936731, 1193511.002996807219461 ], [ 2685113.160777254030108, 1193512.527761828852817 ], [ 2685111.009422573260963, 1193511.585460617206991 ] ] ] } },
{ "type": "Feature", "properties": { "osm_id": 666695579, "osm_typ": "way", "name": "Chlital (Musenalp)", "art": "station", "kapazitaet": null, "belegung": null, "osm_typ_2": null, "name_2": null, "landuse": null, "matching_id": null, "osm_id_2": null }, "geometry": { "type": "Polygon", "coordinates": [ [ [ 2685088.932800283655524, 1193368.693058854434639 ], [ 2685089.603552170097828, 1193367.624148795381188 ], [ 2685090.313358526211232, 1193366.489086012588814 ], [ 2685094.315507579129189, 1193369.147661176510155 ], [ 2685092.935739252716303, 1193371.296053962549195 ], [ 2685088.932800283655524, 1193368.693058854434639 ] ] ] } },
{ "type": "Feature", "properties": { "osm_id": 666887829, "osm_typ": "way", "name": "Birchi", "art": "station", "kapazitaet": null, "belegung": null, "osm_typ_2": null, "name_2": null, "landuse": null, "matching_id": null, "osm_id_2": null }, "geometry": { "type": "Polygon", "coordinates": [ [ [ 2686972.38257393380627, 1196349.258191538276151 ], [ 2686973.970483200158924, 1196342.2323722995352 ], [ 2686975.557638444006443, 1196342.589012036332861 ], [ 2686977.13717624405399, 1196342.945541352964938 ], [ 2686975.549263406544924, 1196349.97135975304991 ], [ 2686972.38257393380627, 1196349.258191538276151 ] ] ] } },
{ "type": "Feature", "properties": { "osm_id": 666752339, "osm_typ": "way", "name": "Geisshittae", "art": "station", "kapazitaet": null, "belegung": null, "osm_typ_2": null, "name_2": null, "landuse": null, "matching_id": null, "osm_id_2": null }, "geometry": { "type": "Polygon", "coordinates": [ [ [ 2685971.821151158306748, 1193842.743644282687455 ], [ 2685972.003713972400874, 1193841.178615620126948 ], [ 2685972.199600037652999, 1193839.74719581915997 ], [ 2685976.194424505345523, 1193840.216000607702881 ], [ 2685975.808193375822157, 1193843.223455068422481 ], [ 2685971.821151158306748, 1193842.743644282687455 ] ] ] } },
{ "type": "Feature", "properties": { "osm_id": 667748280, "osm_typ": "way", "name": "Flüelibalm", "art": "station", "kapazitaet": null, "belegung": null, "osm_typ_2": null, "name_2": null, "landuse": null, "matching_id": null, "osm_id_2": null }, "geometry": { "type": "Polygon", "coordinates": [ [ [ 2664084.932009588461369, 1186068.665805902099237 ], [ 2664088.121550539508462, 1186065.842740610707551 ], [ 2664089.43365199258551, 1186067.313171691261232 ], [ 2664090.821223764214665, 1186068.862233086489141 ], [ 2664087.639313464052975, 1186071.685378598282114 ], [ 2664084.932009588461369, 1186068.665805902099237 ] ] ] } },
{ "type": "Feature", "properties": { "osm_id": 667672019, "osm_typ": "way", "name": "Melchtal (Rütialp)", "art": "station", "kapazitaet": null, "belegung": null, "osm_typ_2": null, "name_2": null, "landuse": null, "matching_id": null, "osm_id_2": null }, "geometry": { "type": "Polygon", "coordinates": [ [ [ 2664995.145778529811651, 1187444.861345203593373 ], [ 2665004.480386807117611, 1187441.004837238462642 ], [ 2665005.706886178813875, 1187443.986531496746466 ], [ 2665006.867019831668586, 1187446.756272554164752 ], [ 2664997.540168136823922, 1187450.601743418257684 ], [ 2664995.145778529811651, 1187444.861345203593373 ] ] ] } },
{ "type": "Feature", "properties": { "osm_id": 667857570, "osm_typ": "way", "name": null, "art": "station", "kapazitaet": null, "belegung": null, "osm_typ_2": null, "name_2": null, "landuse": null, "matching_id": null, "osm_id_2": null }, "geometry": { "type": "Polygon", "coordinates": [ [ [ 2664811.19338581059128, 1183408.585087025770918 ], [ 2664815.037859121803194, 1183406.781173057621345 ], [ 2664813.552529239095747, 1183403.641098384745419 ], [ 2664809.708054390270263, 1183405.44501329632476 ], [ 2664810.484290673397481, 1183407.087676750030369 ], [ 2664811.19338581059128, 1183408.585087025770918 ] ] ] } },
{ "type": "Feature", "properties": { "osm_id": 667857568, "osm_typ": "way", "name": "Rinderalp", "art": "station", "kapazitaet": null, "belegung": null, "osm_typ_2": null, "name_2": null, "landuse": null, "matching_id": null, "osm_id_2": null }, "geometry": { "type": "Polygon", "coordinates": [ [ [ 2664510.378617144655436, 1183266.948740540072322 ], [ 2664511.359385069459677, 1183262.367789728101343 ], [ 2664514.299624470993876, 1183262.999788414454088 ], [ 2664513.318854385055602, 1183267.580738743999973 ], [ 2664511.825953707564622, 1183267.253376724431291 ], [ 2664510.378617144655436, 1183266.948740540072322 ] ] ] } },
{ "type": "Feature", "properties": { "osm_id": 552594772, "osm_typ": "way", "name": null, "art": "station", "kapazitaet": null, "belegung": null, "osm_typ_2": null, "name_2": null, "landuse": null, "matching_id": null, "osm_id_2": null }, "geometry": { "type": "Polygon", "coordinates": [ [ [ 2583383.349415133241564, 1141651.295732859754935 ], [ 2583387.672149983700365, 1141657.786952264141291 ], [ 2583391.094249826855958, 1141655.498584475135431 ], [ 2583386.771517041604966, 1141649.007362619973719 ], [ 2583383.349415133241564, 1141651.295732859754935 ] ] ] } },
{ "type": "Feature", "properties": { "osm_id": 552594765, "osm_typ": "way", "name": null, "art": "station", "kapazitaet": null, "belegung": null, "osm_typ_2": null, "name_2": null, "landuse": null, "matching_id": null, "osm_id_2": null }, "geometry": { "type": "Polygon", "coordinates": [ [ [ 2584044.096589379943907, 1142580.658533351495862 ], [ 2584040.054157553240657, 1142575.010958563536406 ], [ 2584036.586724192369729, 1142577.488061045994982 ], [ 2584040.590817191172391, 1142583.169085186673328 ], [ 2584044.096589379943907, 1142580.658533351495862 ] ] ] } },
{ "type": "Feature", "properties": { "osm_id": 567498296, "osm_typ": "way", "name": "Unterflüe", "art": "station", "kapazitaet": null, "belegung": null, "osm_typ_2": null, "name_2": null, "landuse": null, "matching_id": null, "osm_id_2": null }, "geometry": { "type": "Polygon", "coordinates": [ [ [ 2664106.460674333386123, 1186872.690943076042458 ], [ 2664106.002476301509887, 1186868.450271114474162 ], [ 2664114.932367694098502, 1186867.500826705712825 ], [ 2664115.167962378822267, 1186869.726848833495751 ], [ 2664115.383049166761339, 1186871.730301433708519 ], [ 2664106.460674333386123, 1186872.690943076042458 ] ] ] } },
{ "type": "Feature", "properties": { "osm_id": 596340447, "osm_typ": "way", "name": null, "art": "station", "kapazitaet": null, "belegung": null, "osm_typ_2": null, "name_2": null, "landuse": null, "matching_id": null, "osm_id_2": null }, "geometry": { "type": "Polygon", "coordinates": [ [ [ 2602719.388741963077337, 1095756.586900722235441 ], [ 2602726.239435627590865, 1095748.319042233983055 ], [ 2602751.953158502932638, 1095769.452134620398283 ], [ 2602748.582047030795366, 1095773.530488559044898 ], [ 2602745.110194272361696, 1095777.731084068538621 ], [ 2602719.388741963077337, 1095756.586900722235441 ] ] ] } },
{ "type": "Feature", "properties": { "osm_id": 595008902, "osm_typ": "way", "name": "Rüteliegg", "art": "station", "kapazitaet": null, "belegung": null, "osm_typ_2": null, "name_2": null, "landuse": null, "matching_id": null, "osm_id_2": null }, "geometry": { "type": "Polygon", "coordinates": [ [ [ 2711019.158102827146649, 1193984.746704190969467 ], [ 2711021.154422946739942, 1193984.383495066547766 ], [ 2711020.940692215226591, 1193983.16756926686503 ], [ 2711018.936957833822817, 1193983.519521929789335 ], [ 2711019.053912233561277, 1193984.199944790685549 ], [ 2711019.158102827146649, 1193984.746704190969467 ] ] ] } },
{ "type": "Feature", "properties": { "osm_id": 624275404, "osm_typ": "way", "name": "Urnerboden (Zingel)", "art": "station", "kapazitaet": null, "belegung": null, "osm_typ_2": null, "name_2": null, "landuse": null, "matching_id": null, "osm_id_2": null }, "geometry": { "type": "Polygon", "coordinates": [ [ [ 2711298.019501176197082, 1194208.295153257902712 ], [ 2711299.139845458324999, 1194208.304891338804737 ], [ 2711300.161129975225776, 1194208.312785453628749 ], [ 2711300.188382585998625, 1194205.211124112363905 ], [ 2711298.046752675436437, 1194205.193491902435198 ], [ 2711298.019501176197082, 1194208.295153257902712 ] ] ] } },
{ "type": "Feature", "properties": { "osm_id": 596340448, "osm_typ": "way", "name": null, "art": "station", "kapazitaet": null, "belegung": null, "osm_typ_2": null, "name_2": null, "landuse": null, "matching_id": null, "osm_id_2": null }, "geometry": { "type": "Polygon", "coordinates": [ [ [ 2603464.2907506339252, 1096194.134075513575226 ], [ 2603459.646914495155215, 1096202.335628716042265 ], [ 2603442.721642083954066, 1096192.810285937273875 ], [ 2603444.496996337082237, 1096189.665237482637167 ], [ 2603447.357717607636005, 1096184.608715412206948 ], [ 2603464.2907506339252, 1096194.134075513575226 ] ] ] } },
{ "type": "Feature", "properties": { "osm_id": 624275406, "osm_typ": "way", "name": "Zingel", "art": "station", "kapazitaet": null, "belegung": null, "osm_typ_2": null, "name_2": null, "landuse": null, "matching_id": null, "osm_id_2": null }, "geometry": { "type": "Polygon", "coordinates": [ [ [ 2711272.238644722383469, 1194920.480464777210727 ], [ 2711275.055632971227169, 1194920.644090875051916 ], [ 2711275.243918273597956, 1194917.489829527679831 ], [ 2711273.820185266435146, 1194917.407732615945861 ], [ 2711272.426928538829088, 1194917.326203340431675 ], [ 2711272.238644722383469, 1194920.480464777210727 ] ] ] } },
{ "type": "Feature", "properties": { "osm_id": 863189536, "osm_typ": "way", "name": null, "art": "station", "kapazitaet": null, "belegung": null, "osm_typ_2": null, "name_2": null, "landuse": null, "matching_id": null, "osm_id_2": null }, "geometry": { "type": "Polygon", "coordinates": [ [ [ 2694668.303306824527681, 1192628.838294873712584 ], [ 2694668.674167868215591, 1192624.674791099503636 ], [ 2694666.542470472864807, 1192624.48539185943082 ], [ 2694666.171610907651484, 1192628.648895764257759 ], [ 2694667.214592890348285, 1192628.743233277695253 ], [ 2694668.303306824527681, 1192628.838294873712584 ] ] ] } },
{ "type": "Feature", "properties": { "osm_id": 863189542, "osm_typ": "way", "name": null, "art": "station", "kapazitaet": null, "belegung": null, "osm_typ_2": null, "name_2": null, "landuse": null, "matching_id": null, "osm_id_2": null }, "geometry": { "type": "Polygon", "coordinates": [ [ [ 2695498.394912489224225, 1195513.712731728795916 ], [ 2695498.225978611037135, 1195516.178318293998018 ], [ 2695494.572595992591232, 1195514.952521866653115 ], [ 2695494.878783815540373, 1195513.912283403100446 ], [ 2695495.302265266422182, 1195512.684905894100666 ], [ 2695498.394912489224225, 1195513.712731728795916 ] ] ] } },
{ "type": "Feature", "properties": { "osm_id": 863189538, "osm_typ": "way", "name": null, "art": "station", "kapazitaet": null, "belegung": null, "osm_typ_2": null, "name_2": null, "landuse": null, "matching_id": null, "osm_id_2": null }, "geometry": { "type": "Polygon", "coordinates": [ [ [ 2695795.118360051419586, 1195314.126332969870418 ], [ 2695797.562003321945667, 1195313.809703390579671 ], [ 2695797.263124412391335, 1195311.53675853414461 ], [ 2695794.819480234291404, 1195311.853388227755204 ], [ 2695794.969454548787326, 1195312.956513936398551 ], [ 2695795.118360051419586, 1195314.126332969870418 ] ] ] } },
{ "type": "Feature", "properties": { "osm_id": 863189544, "osm_typ": "way", "name": null, "art": "station", "kapazitaet": null, "belegung": null, "osm_typ_2": null, "name_2": null, "landuse": null, "matching_id": null, "osm_id_2": null }, "geometry": { "type": "Polygon", "coordinates": [ [ [ 2695195.329019546043128, 1195405.611098735127598 ], [ 2695201.568351197987795, 1195405.243488878011703 ], [ 2695201.515186129603535, 1195404.275342076085508 ], [ 2695201.45511067379266, 1195403.262611648067832 ], [ 2695195.215953978709877, 1195403.619106045458466 ], [ 2695195.329019546043128, 1195405.611098735127598 ] ] ] } },
{ "type": "Feature", "properties": { "osm_id": 863189543, "osm_typ": "way", "name": null, "art": "station", "kapazitaet": null, "belegung": null, "osm_typ_2": null, "name_2": null, "landuse": null, "matching_id": null, "osm_id_2": null }, "geometry": { "type": "Polygon", "coordinates": [ [ [ 2695179.250792645383626, 1195420.398263627197593 ], [ 2695179.684319294989109, 1195419.493458143202588 ], [ 2695180.149381733033806, 1195418.52244445681572 ], [ 2695178.56119025638327, 1195417.763343355618417 ], [ 2695177.662601564545184, 1195419.639162763953209 ], [ 2695179.250792645383626, 1195420.398263627197593 ] ] ] } },
{ "type": "Feature", "properties": { "osm_id": 863189545, "osm_typ": "way", "name": null, "art": "station", "kapazitaet": null, "belegung": null, "osm_typ_2": null, "name_2": null, "landuse": null, "matching_id": null, "osm_id_2": null }, "geometry": { "type": "Polygon", "coordinates": [ [ [ 2695152.639997465535998, 1195422.342842381214723 ], [ 2695154.097387981135398, 1195420.787229154957458 ], [ 2695152.400391924660653, 1195419.203642194159329 ], [ 2695150.943001484964043, 1195420.75925582414493 ], [ 2695151.69387537939474, 1195421.46054798969999 ], [ 2695152.639997465535998, 1195422.342842381214723 ] ] ] } },
{ "type": "Feature", "properties": { "osm_id": 942902039, "osm_typ": "way", "name": null, "art": "station", "kapazitaet": null, "belegung": null, "osm_typ_2": null, "name_2": null, "landuse": null, "matching_id": null, "osm_id_2": null }, "geometry": { "type": "Polygon", "coordinates": [ [ [ 2696463.38051825016737, 1114710.125195722328499 ], [ 2696469.014020391739905, 1114712.349553116131574 ], [ 2696472.160166895482689, 1114704.416952964616939 ], [ 2696467.393864534795284, 1114702.539941101334989 ], [ 2696465.519559684209526, 1114707.235231347149238 ], [ 2696464.65989850088954, 1114706.899121251888573 ], [ 2696463.38051825016737, 1114710.125195722328499 ] ] ] } },
{ "type": "Feature", "properties": { "osm_id": 961609888, "osm_typ": "way", "name": null, "art": "station", "kapazitaet": null, "belegung": null, "osm_typ_2": null, "name_2": null, "landuse": null, "matching_id": null, "osm_id_2": null }, "geometry": { "type": "Polygon", "coordinates": [ [ [ 2690679.654338918626308, 1141404.837647084379569 ], [ 2690681.78505071811378, 1141388.926811628509313 ], [ 2690672.054872693959624, 1141387.624289749655873 ], [ 2690670.521445965860039, 1141399.097002720227465 ], [ 2690668.902426122687757, 1141398.87254603439942 ], [ 2690668.305000514723361, 1141403.321787372231483 ], [ 2690679.654338918626308, 1141404.837647084379569 ] ] ] } },
{ "type": "Feature", "properties": { "osm_id": 951213019, "osm_typ": "way", "name": null, "art": "station", "kapazitaet": null, "belegung": null, "osm_typ_2": null, "name_2": null, "landuse": null, "matching_id": null, "osm_id_2": null }, "geometry": { "type": "Polygon", "coordinates": [ [ [ 2694218.35162809677422, 1113644.852274279808626 ], [ 2694220.904457236640155, 1113646.103823291603476 ], [ 2694221.869847102090716, 1113644.128729610471055 ], [ 2694221.16454117372632, 1113643.784224496223032 ], [ 2694223.733191999141127, 1113638.554279133910313 ], [ 2694221.8779441495426, 1113637.6471139525529 ], [ 2694218.35162809677422, 1113644.852274279808626 ] ] ] } },
{ "type": "Feature", "properties": { "osm_id": 961609890, "osm_typ": "way", "name": null, "art": "station", "kapazitaet": null, "belegung": null, "osm_typ_2": null, "name_2": null, "landuse": null, "matching_id": null, "osm_id_2": null }, "geometry": { "type": "Polygon", "coordinates": [ [ [ 2690747.546832000371069, 1140668.417589720105752 ], [ 2690747.939294281415641, 1140664.309922113548964 ], [ 2690751.540745506063104, 1140664.653161967871711 ], [ 2690751.148280784022063, 1140668.760829342762008 ], [ 2690747.546832000371069, 1140668.417589720105752 ] ] ] } },
{ "type": "Feature", "properties": { "osm_id": 668691312, "osm_typ": "way", "name": "Mehlbach", "art": "station", "kapazitaet": null, "belegung": null, "osm_typ_2": null, "name_2": null, "landuse": null, "matching_id": null, "osm_id_2": null }, "geometry": { "type": "Polygon", "coordinates": [ [ [ 2667367.217114384751767, 1196285.144353887531906 ], [ 2667368.357248085550964, 1196280.643410613527521 ], [ 2667367.225395767949522, 1196280.352714286651462 ], [ 2667370.988507512025535, 1196265.508504139026627 ], [ 2667361.029201603960246, 1196262.994861856568605 ], [ 2667362.559994868468493, 1196256.952957499073818 ], [ 2667370.528946285136044, 1196258.96611245139502 ], [ 2667371.557683786377311, 1196254.886387589620426 ], [ 2667378.638785183429718, 1196256.589370554080233 ], [ 2667381.943446495570242, 1196257.415971248643473 ], [ 2667383.651716867927462, 1196257.93552100402303 ], [ 2667382.057207312434912, 1196264.221291713183746 ], [ 2667380.081955107860267, 1196263.732086657080799 ], [ 2667374.206021296326071, 1196286.91299949074164 ], [ 2667370.89388330001384, 1196286.075200905790552 ], [ 2667367.217114384751767, 1196285.144353887531906 ] ] ] } },
{ "type": "Feature", "properties": { "osm_id": 668080737, "osm_typ": "way", "name": "Unter Wend (Fomatt)", "art": "station", "kapazitaet": null, "belegung": null, "osm_typ_2": null, "name_2": null, "landuse": null, "matching_id": null, "osm_id_2": null }, "geometry": { "type": "Polygon", "coordinates": [ [ [ 2666023.958266855683178, 1184531.674550176598132 ], [ 2666027.768353788647801, 1184530.882730493322015 ], [ 2666027.224476495757699, 1184528.286357388831675 ], [ 2666023.422020321711898, 1184529.078261533752084 ], [ 2666023.682817607186735, 1184530.348531348165125 ], [ 2666023.958266855683178, 1184531.674550176598132 ] ] ] } },
{ "type": "Feature", "properties": { "osm_id": 688104873, "osm_typ": "way", "name": "Stäflen (Gibel)", "art": "station", "kapazitaet": null, "belegung": null, "osm_typ_2": null, "name_2": null, "landuse": null, "matching_id": null, "osm_id_2": null }, "geometry": { "type": "Polygon", "coordinates": [ [ [ 2707277.868681051768363, 1198696.667055677622557 ], [ 2707280.865164567250758, 1198697.766034332802519 ], [ 2707281.301883786916733, 1198696.350667078746483 ], [ 2707281.72979131154716, 1198695.001854573143646 ], [ 2707278.900820301380008, 1198693.905883585335687 ], [ 2707277.868681051768363, 1198696.667055677622557 ] ] ] } },
{ "type": "Feature", "properties": { "osm_id": 680060072, "osm_typ": "way", "name": null, "art": "station", "kapazitaet": null, "belegung": null, "osm_typ_2": null, "name_2": null, "landuse": null, "matching_id": null, "osm_id_2": null }, "geometry": { "type": "Polygon", "coordinates": [ [ [ 2710644.248007767833769, 1194744.275637584039941 ], [ 2710647.907902348786592, 1194741.730444016633555 ], [ 2710648.858484880998731, 1194743.082303240196779 ], [ 2710649.890616159886122, 1194744.557979645673186 ], [ 2710646.238341692835093, 1194747.103313035331666 ], [ 2710644.248007767833769, 1194744.275637584039941 ] ] ] } },
{ "type": "Feature", "properties": { "osm_id": 706807187, "osm_typ": "way", "name": null, "art": "station", "kapazitaet": null, "belegung": null, "osm_typ_2": null, "name_2": null, "landuse": null, "matching_id": null, "osm_id_2": null }, "geometry": { "type": "Polygon", "coordinates": [ [ [ 2715816.879633829463273, 1219324.286322330357507 ], [ 2715822.974591847974807, 1219321.969719457672909 ], [ 2715821.840589847415686, 1219319.000977211166173 ], [ 2715816.209813584573567, 1219317.356933784903958 ], [ 2715816.582034442573786, 1219321.244896636111662 ], [ 2715816.879633829463273, 1219324.286322330357507 ] ] ] } },
{ "type": "Feature", "properties": { "osm_id": 704374578, "osm_typ": "way", "name": "Mittelstation", "art": "yes", "kapazitaet": null, "belegung": null, "osm_typ_2": null, "name_2": null, "landuse": null, "matching_id": null, "osm_id_2": null }, "geometry": { "type": "Polygon", "coordinates": [ [ [ 2627963.606968653853983, 1115742.203540474642068 ], [ 2627965.685595181304961, 1115738.444564037257805 ], [ 2627961.842909987084568, 1115736.336917867185548 ], [ 2627959.764285140670836, 1115740.095895625418052 ], [ 2627963.606968653853983, 1115742.203540474642068 ] ] ] } },
{ "type": "Feature", "properties": { "osm_id": 759413079, "osm_typ": "way", "name": null, "art": "station", "kapazitaet": null, "belegung": null, "osm_typ_2": null, "name_2": null, "landuse": null, "matching_id": null, "osm_id_2": null }, "geometry": { "type": "Polygon", "coordinates": [ [ [ 2708366.29621222615242, 1141101.358822462614626 ], [ 2708367.654445849824697, 1141098.525824926095083 ], [ 2708369.020368423312902, 1141095.69296582438983 ], [ 2708377.392378656659275, 1141099.690324517665431 ], [ 2708374.675903903320432, 1141105.356315507553518 ], [ 2708366.29621222615242, 1141101.358822462614626 ] ] ] } },
{ "type": "Feature", "properties": { "osm_id": 771586178, "osm_typ": "way", "name": "Chimiboden", "art": "station", "kapazitaet": null, "belegung": null, "osm_typ_2": null, "name_2": null, "landuse": null, "matching_id": null, "osm_id_2": null }, "geometry": { "type": "Polygon", "coordinates": [ [ [ 2682236.414061317685992, 1193106.639547619735822 ], [ 2682239.182807211764157, 1193105.410166627494618 ], [ 2682238.369215695653111, 1193103.597863320959732 ], [ 2682237.659266263246536, 1193102.009345248574391 ], [ 2682234.890519136562943, 1193103.238726947456598 ], [ 2682236.414061317685992, 1193106.639547619735822 ] ] ] } },
{ "type": "Feature", "properties": { "osm_id": 767360142, "osm_typ": "way", "name": "Daubensee", "art": "station", "kapazitaet": null, "belegung": null, "osm_typ_2": null, "name_2": null, "landuse": null, "matching_id": null, "osm_id_2": null }, "geometry": { "type": "Polygon", "coordinates": [ [ [ 2613418.234983487986028, 1139073.468011842342094 ], [ 2613423.175297455862164, 1139075.535510301589966 ], [ 2613427.937594968825579, 1139064.229418612783775 ], [ 2613423.004963666666299, 1139062.161933283321559 ], [ 2613418.234983487986028, 1139073.468011842342094 ] ] ] } },
{ "type": "Feature", "properties": { "osm_id": 771717056, "osm_typ": "way", "name": "Schöntal", "art": "station", "kapazitaet": null, "belegung": null, "osm_typ_2": null, "name_2": null, "landuse": null, "matching_id": null, "osm_id_2": null }, "geometry": { "type": "Polygon", "coordinates": [ [ [ 2679944.51879112329334, 1191473.238256214186549 ], [ 2679946.14843144826591, 1191473.393448140937835 ], [ 2679947.328732550144196, 1191473.509282064624131 ], [ 2679947.603533717803657, 1191470.633413706440479 ], [ 2679944.793590946588665, 1191470.362387723522261 ], [ 2679944.51879112329334, 1191473.238256214186549 ] ] ] } },
{ "type": "Feature", "properties": { "osm_id": 813083484, "osm_typ": "way", "name": null, "art": "station", "kapazitaet": null, "belegung": null, "osm_typ_2": null, "name_2": null, "landuse": null, "matching_id": null, "osm_id_2": null }, "geometry": { "type": "Polygon", "coordinates": [ [ [ 2707386.208472786471248, 1140597.194167596986517 ], [ 2707396.616564590949565, 1140602.671762842219323 ], [ 2707397.68301794026047, 1140600.656109311617911 ], [ 2707398.741585732903332, 1140598.651433812454343 ], [ 2707388.333488726988435, 1140593.17383490037173 ], [ 2707386.208472786471248, 1140597.194167596986517 ] ] ] } },
{ "type": "Feature", "properties": { "osm_id": 807204723, "osm_typ": "way", "name": null, "art": "station", "kapazitaet": null, "belegung": null, "osm_typ_2": null, "name_2": null, "landuse": null, "matching_id": null, "osm_id_2": null }, "geometry": { "type": "Polygon", "coordinates": [ [ [ 2690299.878802118822932, 1202974.291449297918007 ], [ 2690304.848406204022467, 1202976.812658263836056 ], [ 2690308.400949727743864, 1202969.872927105985582 ], [ 2690303.431509357411414, 1202967.340599364601076 ], [ 2690299.878802118822932, 1202974.291449297918007 ] ] ] } },
{ "type": "Feature", "properties": { "osm_id": 815609727, "osm_typ": "way", "name": null, "art": "station", "kapazitaet": null, "belegung": null, "osm_typ_2": null, "name_2": null, "landuse": null, "matching_id": null, "osm_id_2": null }, "geometry": { "type": "Polygon", "coordinates": [ [ [ 2715087.779470125678927, 1115071.859894271241501 ], [ 2715090.171000058297068, 1115070.382093687076122 ], [ 2715091.640059527941048, 1115069.487167669925839 ], [ 2715088.305414503905922, 1115064.098016083240509 ], [ 2715084.444823092781007, 1115066.470744816120714 ], [ 2715087.779470125678927, 1115071.859894271241501 ] ] ] } },
{ "type": "Feature", "properties": { "osm_id": 815609726, "osm_typ": "way", "name": null, "art": "station", "kapazitaet": null, "belegung": null, "osm_typ_2": null, "name_2": null, "landuse": null, "matching_id": null, "osm_id_2": null }, "geometry": { "type": "Polygon", "coordinates": [ [ [ 2715099.61636898200959, 1115090.74175797495991 ], [ 2715101.906255860347301, 1115089.328741951845586 ], [ 2715103.203552254475653, 1115088.530621759826317 ], [ 2715101.157847416587174, 1115085.222890484845266 ], [ 2715099.852829722221941, 1115086.020864394493401 ], [ 2715097.562942115589976, 1115087.433881196891889 ], [ 2715099.61636898200959, 1115090.74175797495991 ] ] ] } },
{ "type": "Feature", "properties": { "osm_id": 218092582, "osm_typ": "way", "name": null, "art": "station", "kapazitaet": null, "belegung": null, "osm_typ_2": null, "name_2": null, "landuse": null, "matching_id": null, "osm_id_2": null }, "geometry": { "type": "Polygon", "coordinates": [ [ [ 2642412.952564296778291, 1135074.697016295744106 ], [ 2642420.800354313105345, 1135088.125589383067563 ], [ 2642415.213493927381933, 1135091.37694349559024 ], [ 2642412.787687504198402, 1135087.224474786780775 ], [ 2642409.2949393466115, 1135089.25656838924624 ], [ 2642406.808266880922019, 1135085.00362393585965 ], [ 2642410.30101663293317, 1135082.971528889145702 ], [ 2642407.365695857442915, 1135077.948377675144002 ], [ 2642412.952564296778291, 1135074.697016295744106 ] ] ] } },
{ "type": "Feature", "properties": { "osm_id": 222871768, "osm_typ": "way", "name": null, "art": "station", "kapazitaet": null, "belegung": null, "osm_typ_2": null, "name_2": null, "landuse": null, "matching_id": null, "osm_id_2": null }, "geometry": { "type": "Polygon", "coordinates": [ [ [ 2724880.584212549030781, 1123151.541394267929718 ], [ 2724885.120101578999311, 1123145.931057662237436 ], [ 2724875.611987200099975, 1123138.307344854110852 ], [ 2724877.274353278800845, 1123136.251315155532211 ], [ 2724873.002339185681194, 1123132.816337729571387 ], [ 2724868.90154900867492, 1123137.901959294918925 ], [ 2724873.507551231887192, 1123141.599563085706905 ], [ 2724871.425282987765968, 1123144.191750266589224 ], [ 2724880.584212549030781, 1123151.541394267929718 ] ] ] } },
{ "type": "Feature", "properties": { "osm_id": 218400807, "osm_typ": "way", "name": null, "art": "station", "kapazitaet": null, "belegung": null, "osm_typ_2": null, "name_2": null, "landuse": null, "matching_id": null, "osm_id_2": null }, "geometry": { "type": "Polygon", "coordinates": [ [ [ 2577610.557753767352551, 1111689.311001716181636 ], [ 2577613.384696250315756, 1111689.167117991484702 ], [ 2577616.489747449290007, 1111689.022204415639862 ], [ 2577615.917978334240615, 1111676.495837947586551 ], [ 2577606.502336394507438, 1111676.919840331887826 ], [ 2577606.796554098837078, 1111683.344183960929513 ], [ 2577610.272378714755177, 1111683.186775225680321 ], [ 2577610.557753767352551, 1111689.311001716181636 ] ] ] } },
{ "type": "Feature", "properties": { "osm_id": 227002167, "osm_typ": "way", "name": null, "art": "station", "kapazitaet": null, "belegung": null, "osm_typ_2": null, "name_2": null, "landuse": null, "matching_id": null, "osm_id_2": null }, "geometry": { "type": "Polygon", "coordinates": [ [ [ 2646951.035893155261874, 1173026.272316090762615 ], [ 2646951.711331505328417, 1173034.759897454641759 ], [ 2646959.248832155950367, 1173034.151817058911547 ], [ 2646958.573404386639595, 1173025.664234850555658 ], [ 2646951.035893155261874, 1173026.272316090762615 ] ] ] } },
{ "type": "Feature", "properties": { "osm_id": 229106869, "osm_typ": "way", "name": null, "art": "station", "kapazitaet": null, "belegung": null, "osm_typ_2": null, "name_2": null, "landuse": null, "matching_id": null, "osm_id_2": null }, "geometry": { "type": "Polygon", "coordinates": [ [ [ 2734978.682795756030828, 1160697.185477980878204 ], [ 2734986.613778485450894, 1160697.018865645863116 ], [ 2734986.537038236390799, 1160692.925213973270729 ], [ 2734978.60629966808483, 1160693.080712639493868 ], [ 2734978.682795756030828, 1160697.185477980878204 ] ] ] } },
{ "type": "Feature", "properties": { "osm_id": 229160118, "osm_typ": "way", "name": null, "art": "station", "kapazitaet": null, "belegung": null, "osm_typ_2": null, "name_2": null, "landuse": null, "matching_id": null, "osm_id_2": null }, "geometry": { "type": "Polygon", "coordinates": [ [ [ 2597257.076168821658939, 1103663.109919850714505 ], [ 2597273.180287516675889, 1103677.387370689539239 ], [ 2597277.850092493463308, 1103672.149272658163682 ], [ 2597261.730499932542443, 1103657.871816525468603 ], [ 2597257.076168821658939, 1103663.109919850714505 ] ] ] } },
{ "type": "Feature", "properties": { "osm_id": 230551213, "osm_typ": "way", "name": "Lauterbrunnen", "art": "yes", "kapazitaet": null, "belegung": null, "osm_typ_2": null, "name_2": null, "landuse": null, "matching_id": null, "osm_id_2": null }, "geometry": { "type": "Polygon", "coordinates": [ [ [ 2635895.490869260858744, 1160938.050799664342776 ], [ 2635910.270619877614081, 1160940.884800235042349 ], [ 2635910.887520311400294, 1160937.66460996074602 ], [ 2635896.115490750409663, 1160934.819537169765681 ], [ 2635895.490869260858744, 1160938.050799664342776 ] ] ] } },
{ "type": "Feature", "properties": { "osm_id": 209416253, "osm_typ": "way", "name": null, "art": "station", "kapazitaet": null, "belegung": null, "osm_typ_2": null, "name_2": null, "landuse": null, "matching_id": null, "osm_id_2": null }, "geometry": { "type": "Polygon", "coordinates": [ [ [ 2577638.161415834445506, 1112273.489609677577391 ], [ 2577638.524701680988073, 1112281.892462957650423 ], [ 2577646.325317275710404, 1112281.563420891528949 ], [ 2577645.962001071311533, 1112273.149450627155602 ], [ 2577638.161415834445506, 1112273.489609677577391 ] ] ] } },
{ "type": "Feature", "properties": { "osm_id": 244881391, "osm_typ": "way", "name": null, "art": "station", "kapazitaet": null, "belegung": null, "osm_typ_2": null, "name_2": null, "landuse": null, "matching_id": null, "osm_id_2": null }, "geometry": { "type": "Polygon", "coordinates": [ [ [ 2752034.470410058274865, 1161702.104906369699165 ], [ 2752037.067332298029214, 1161693.697065593441948 ], [ 2752033.674506253562868, 1161692.654907655669376 ], [ 2752032.221659673377872, 1161697.355328805977479 ], [ 2752031.077588415704668, 1161701.062749896897003 ], [ 2752034.470410058274865, 1161702.104906369699165 ] ] ] } },
{ "type": "Feature", "properties": { "osm_id": 263538464, "osm_typ": "way", "name": "Wolfenschiessen (Walibalm)", "art": "station", "kapazitaet": null, "belegung": null, "osm_typ_2": null, "name_2": null, "landuse": null, "matching_id": null, "osm_id_2": null }, "geometry": { "type": "Polygon", "coordinates": [ [ [ 2672965.656373955309391, 1195974.2008741220925 ], [ 2672956.478542660363019, 1195975.211770493071526 ], [ 2672957.102031052112579, 1195980.933941258583218 ], [ 2672966.287335752975196, 1195979.934254977386445 ], [ 2672965.999680400826037, 1195977.284701738040894 ], [ 2672965.656373955309391, 1195974.2008741220925 ] ] ] } },
{ "type": "Feature", "properties": { "osm_id": 263538466, "osm_typ": "way", "name": "Walibalm", "art": "station", "kapazitaet": null, "belegung": null, "osm_typ_2": null, "name_2": null, "landuse": null, "matching_id": null, "osm_id_2": null }, "geometry": { "type": "Polygon", "coordinates": [ [ [ 2673790.651728246826679, 1195893.927345762494951 ], [ 2673790.991733851842582, 1195897.244659496704116 ], [ 2673791.372643900569528, 1195900.951602644985542 ], [ 2673798.923758024349809, 1195900.277676729718223 ], [ 2673798.356579973828048, 1195893.144138108473271 ], [ 2673790.651728246826679, 1195893.927345762494951 ] ] ] } },
{ "type": "Feature", "properties": { "osm_id": 264370963, "osm_typ": "way", "name": "Glattalp", "art": "station", "kapazitaet": null, "belegung": null, "osm_typ_2": null, "name_2": null, "landuse": null, "matching_id": null, "osm_id_2": null }, "geometry": { "type": "Polygon", "coordinates": [ [ [ 2709325.445192669052631, 1196992.559232657542452 ], [ 2709336.686821894720197, 1196993.609941005241126 ], [ 2709336.251660687383264, 1196998.23854557517916 ], [ 2709335.710958883631974, 1197004.054937697481364 ], [ 2709324.461529467720538, 1197003.015206978889182 ], [ 2709324.944727550726384, 1196997.842656158376485 ], [ 2709325.445192669052631, 1196992.559232657542452 ] ] ] } },
{ "type": "Feature", "properties": { "osm_id": 264313358, "osm_typ": "way", "name": null, "art": "station", "kapazitaet": null, "belegung": null, "osm_typ_2": null, "name_2": null, "landuse": null, "matching_id": null, "osm_id_2": null }, "geometry": { "type": "Polygon", "coordinates": [ [ [ 2647635.418852318078279, 1137405.371220601489767 ], [ 2647637.898926236201078, 1137406.947140576783568 ], [ 2647637.432295261416584, 1137407.588237821822986 ], [ 2647636.037189944181591, 1137425.486488847061992 ], [ 2647651.303474013227969, 1137428.930851187789813 ], [ 2647651.644683716353029, 1137427.610637311823666 ], [ 2647652.081008885521442, 1137425.93543448462151 ], [ 2647653.096683897543699, 1137422.008080842439085 ], [ 2647644.93680599052459, 1137413.917337696766481 ], [ 2647646.661448155064136, 1137411.785389353753999 ], [ 2647664.239885612390935, 1137392.269483255688101 ], [ 2647650.933211814146489, 1137380.302803308703005 ], [ 2647635.418852318078279, 1137405.371220601489767 ] ] ] } },
{ "type": "Feature", "properties": { "osm_id": 264775871, "osm_typ": "way", "name": "St.Jakob", "art": "station", "kapazitaet": null, "belegung": null, "osm_typ_2": null, "name_2": null, "landuse": null, "matching_id": null, "osm_id_2": null }, "geometry": { "type": "Polygon", "coordinates": [ [ [ 2666639.470525576733053, 1198733.28106462652795 ], [ 2666656.687857036478817, 1198738.10916785732843 ], [ 2666659.00295735988766, 1198729.907864192733541 ], [ 2666650.485344756394625, 1198727.522612939821556 ], [ 2666654.148542774841189, 1198714.522362225223333 ], [ 2666649.730322230607271, 1198713.283489926252514 ], [ 2666645.448660338763148, 1198712.090614693937823 ], [ 2666639.470525576733053, 1198733.28106462652795 ] ] ] } },
{ "type": "Feature", "properties": { "osm_id": 100809971, "osm_typ": "way", "name": "Oberbärchi", "art": "station", "kapazitaet": null, "belegung": null, "osm_typ_2": null, "name_2": null, "landuse": null, "matching_id": null, "osm_id_2": null }, "geometry": { "type": "Polygon", "coordinates": [ [ [ 2687028.842343587428331, 1197320.030591973569244 ], [ 2687038.630425665527582, 1197311.701071821851656 ], [ 2687036.97464298736304, 1197309.797982441727072 ], [ 2687035.371362034231424, 1197307.951249115169048 ], [ 2687025.427397167310119, 1197316.523104956839234 ], [ 2687028.842343587428331, 1197320.030591973569244 ] ] ] } },
{ "type": "Feature", "properties": { "osm_id": 100809864, "osm_typ": "way", "name": "Vorderbärchi", "art": "station", "kapazitaet": null, "belegung": null, "osm_typ_2": null, "name_2": null, "landuse": null, "matching_id": null, "osm_id_2": null }, "geometry": { "type": "Polygon", "coordinates": [ [ [ 2687325.473487010691315, 1197050.460705121280625 ], [ 2687326.715388665907085, 1197052.0131624143105 ], [ 2687327.9198575806804, 1197053.520600233692676 ], [ 2687331.619563112966716, 1197050.572746714344248 ], [ 2687328.71541682863608, 1197047.039196801139042 ], [ 2687325.473487010691315, 1197050.460705121280625 ] ] ] } },
{ "type": "Feature", "properties": { "osm_id": 102312000, "osm_typ": "way", "name": "Baberg", "art": "station", "kapazitaet": null, "belegung": null, "osm_typ_2": null, "name_2": null, "landuse": null, "matching_id": null, "osm_id_2": null }, "geometry": { "type": "Polygon", "coordinates": [ [ [ 2682956.554860284086317, 1197271.990513399010524 ], [ 2682956.762825471814722, 1197267.43498410563916 ], [ 2682952.317039538640529, 1197267.228742025559768 ], [ 2682949.835276828613132, 1197267.116470297332853 ], [ 2682949.619700846262276, 1197271.671894126571715 ], [ 2682956.554860284086317, 1197271.990513399010524 ] ] ] } },
{ "type": "Feature", "properties": { "osm_id": 102311995, "osm_typ": "way", "name": "Biwaldalp", "art": "station", "kapazitaet": null, "belegung": null, "osm_typ_2": null, "name_2": null, "landuse": null, "matching_id": null, "osm_id_2": null }, "geometry": { "type": "Polygon", "coordinates": [ [ [ 2683047.07360383681953, 1192671.775173113914207 ], [ 2683053.037219423800707, 1192668.878351318649948 ], [ 2683051.332482792437077, 1192665.374741706298664 ], [ 2683045.361396997701377, 1192668.260343491565436 ], [ 2683046.243251448497176, 1192670.084823862183839 ], [ 2683047.07360383681953, 1192671.775173113914207 ] ] ] } },
{ "type": "Feature", "properties": { "osm_id": 102312524, "osm_typ": "way", "name": "Hüttenegg", "art": "station", "kapazitaet": null, "belegung": null, "osm_typ_2": null, "name_2": null, "landuse": null, "matching_id": null, "osm_id_2": null }, "geometry": { "type": "Polygon", "coordinates": [ [ [ 2682144.466470210812986, 1192884.15008179587312 ], [ 2682148.038366561755538, 1192887.723544129403308 ], [ 2682150.070957783143967, 1192885.705750626977533 ], [ 2682148.236156291328371, 1192883.868316613836214 ], [ 2682146.499061392154545, 1192882.132287078769878 ], [ 2682144.466470210812986, 1192884.15008179587312 ] ] ] } },
{ "type": "Feature", "properties": { "osm_id": 102312008, "osm_typ": "way", "name": "Musenalp", "art": "station", "kapazitaet": null, "belegung": null, "osm_typ_2": null, "name_2": null, "landuse": null, "matching_id": null, "osm_id_2": null }, "geometry": { "type": "Polygon", "coordinates": [ [ [ 2684386.922123814001679, 1192924.697175897657871 ], [ 2684390.541353805456311, 1192926.982971078949049 ], [ 2684391.819688484072685, 1192924.988641101401299 ], [ 2684393.12945159105584, 1192922.928046551067382 ], [ 2684389.502598443068564, 1192920.642142274882644 ], [ 2684386.922123814001679, 1192924.697175897657871 ] ] ] } },
{ "type": "Feature", "properties": { "osm_id": 123728840, "osm_typ": "way", "name": null, "art": "station", "kapazitaet": null, "belegung": null, "osm_typ_2": null, "name_2": null, "landuse": null, "matching_id": null, "osm_id_2": null }, "geometry": { "type": "Polygon", "coordinates": [ [ [ 2754658.995170467998832, 1201178.832944303983822 ], [ 2754669.307137814350426, 1201175.318996742134914 ], [ 2754664.19994967058301, 1201160.785279982257634 ], [ 2754660.825870822183788, 1201151.968062271596864 ], [ 2754650.515884232707322, 1201155.404231049818918 ], [ 2754658.995170467998832, 1201178.832944303983822 ] ] ] } },
{ "type": "Feature", "properties": { "osm_id": 121885196, "osm_typ": "way", "name": "Gondelbahn Emmetten-Stockhütte", "art": "station", "kapazitaet": null, "belegung": null, "osm_typ_2": null, "name_2": null, "landuse": null, "matching_id": null, "osm_id_2": null }, "geometry": { "type": "Polygon", "coordinates": [ [ [ 2681822.922821366693825, 1201116.542457464383915 ], [ 2681831.512533499859273, 1201132.458994250511751 ], [ 2681834.718211330939084, 1201130.735132836969569 ], [ 2681836.893448933027685, 1201134.767462431685999 ], [ 2681847.614568911958486, 1201129.021760786650702 ], [ 2681837.911242440342903, 1201111.044206532416865 ], [ 2681833.93103688582778, 1201113.179943262832239 ], [ 2681832.869443264324218, 1201111.208608115324751 ], [ 2681822.922821366693825, 1201116.542457464383915 ] ] ] } },
{ "type": "Feature", "properties": { "osm_id": 138024494, "osm_typ": "way", "name": "Matells Talstation Pizolbahn", "art": "station", "kapazitaet": null, "belegung": null, "osm_typ_2": null, "name_2": null, "landuse": null, "matching_id": null, "osm_id_2": null }, "geometry": { "type": "Polygon", "coordinates": [ [ [ 2754668.284379362128675, 1209325.987720132106915 ], [ 2754677.526963036973029, 1209378.996399437310174 ], [ 2754709.859815648756921, 1209373.396225964417681 ], [ 2754703.702114785090089, 1209338.105361117282882 ], [ 2754685.755547421053052, 1209341.209572587395087 ], [ 2754682.66299921926111, 1209323.502634036354721 ], [ 2754668.284379362128675, 1209325.987720132106915 ] ] ] } },
{ "type": "Feature", "properties": { "osm_id": 123728841, "osm_typ": "way", "name": null, "art": "station", "kapazitaet": null, "belegung": null, "osm_typ_2": null, "name_2": null, "landuse": null, "matching_id": null, "osm_id_2": null }, "geometry": { "type": "Polygon", "coordinates": [ [ [ 2755358.520457257516682, 1200904.627485301578417 ], [ 2755371.451969389338046, 1200900.293222102336586 ], [ 2755369.698219507932663, 1200895.098650318570435 ], [ 2755356.766697705723345, 1200899.432917276863009 ], [ 2755358.520457257516682, 1200904.627485301578417 ] ] ] } }
]
}
